url;judul;tanggal;isi
https://news.detik.com/berita/d-8384536/pemuda-di-serang-digelandang-warga-ke-polres-usai-perkosa-seorang-abg;Pemuda di Serang Digelandang Warga ke Polres Usai Perkosa Seorang ABG;Rabu, 04 Mar 2026 21:51 WIB;"Pemuda berinisial TA (23), warga Kibin, Kabupaten Serang, digelandang oleh warga ke Mapolres Serang. Pemuda tersebut dilaporkan telahmemperkosagadis berusia 15 tahun. Warga tersebut merupakan keluarga korban yang datang ke Mapolres Serang pada Kamis (26/2) malam. Mereka membawa, melaporkan, dan meminta TA ditahan karena memperkosa korban. Kasatreskrim Polres Serang, AKP Andi Kurniady ES, menyampaikan kronologi kejadian pemerkosaan itu. Menurut Andi, pada Rabu (25/2), korban dihubungi oleh temannya, seorang perempuan berinisial M. M meminta korban menemaninya berkunjung ke rumah pacarnya di Nambo Ilir, Kibin. SCROLL TO CONTINUE WITH CONTENT Di lokasi tersebut, korban bertemu dengan tiga orang laki-laki yang sebelumnya tidak dikenal, salah satunya adalah TA. Ketika teman lainnya pergi, pelaku kemudian mendekati dan memaksa korban untuk berhubungan intim. ""Saat itulah pelaku memperkosa korban,"" ujar Andi, Rabu (4/3/2026). Andi menyebut korban masih berada di rumah tersebut hingga Kamis (26/2). Keluarga korban yang khawatir akhirnya menemukan korban di rumah tersebut. ""Korban akhirnya bercerita kepada keluarga menjadi korban pemerkosaan. Saat itu, tersangka juga ada di rumah tersebut,"" katanya. Setelah korban menceritakan peristiwa yang dialaminya, pihak keluarga merasa tidak terima. Sekitar tiga orang dari keluarga korban langsung membawa tersangka ke Mapolres Serang. ""Saat ini, penyidik masih melakukan pemeriksaan terhadap terduga pelaku. Jika terbukti, pelaku dijerat Pasal 473 ayat (2) huruf b dan atau Pasal 415 huruf b Undang-Undang Nomor 1 Tahun 2023 tentang Kitab Undang-Undang Hukum Pidana,"" kata Andi. Lihat juga Video 'Pimpinan Ponpes di Lombok Perkosa Santri Dalih Bersihkan Rahim': [Gambas:Video 20detik]"
https://news.detik.com/berita/d-8384151/sosok-korban-pembunuhan-di-jatibening-bekasi-pensiunan-jict;Sosok Korban Pembunuhan di Jatibening Bekasi: Pensiunan JICT;Rabu, 04 Mar 2026 17:19 WIB;"Ermanto Usman (65) tewas akibat dibunuh orang tak dikenal di rumahnya di Jatibening, Kota Bekasi, Jawa Barat (Jabar). Ermanto diketahui merupakan pensiunan karyawan Jakarta International Container Terminal (JICT) yang memiliki rekam jejak panjang sebagai aktivis pekerja pelabuhan. Anggota DPR RI Komisi XIII sekaligus Ketua Umum Konfederasi Rakyat Pekerja Indonesia (KRPI),Rieke Diah Pitaloka, mengungkap sosok Ermanto bukan sekadar pensiunan biasa. Dia mengatakan Ermanto adalah salah satu sosok kunci dalam perjuangan membongkar dugaan korupsi besar di sektor pelabuhan beberapa tahun lalu. ""Pak Ermanto ini adalah dulu karyawan JICT yang sempat di-PHK, begitu, dalam kaitan kasus dugaan korupsi yang melibatkan RJ Lino. Dan kemudian dibentuklah Pansus di DPR, kebetulan saya sebagai Ketua Pansus Pelindo-nya dengan kerugian negara mencapai triliunan rupiah bahkan kalau pakai penilaianfuture valuesitu mungkin puluhan triliun kerugian Indonesia, begitu,"" ujar Rieke di rumah duka Ermanto di Bekasi, Rabu (4/3/2026). SCROLL TO CONTINUE WITH CONTENT Ermanto tewas setelah mengalami sejumlah luka pada peristiwa yang terjadi di perumahan kawasan Jatibening, Bekasi, pada Senin (2/3). Dalam hari yang sama itu, istri Ermanto, Pasmilawati (60), juga terluka. Semasa hidupnya, Ermanto aktif dalam Federasi Pekerja Pelabuhan Indonesia (FPPI) di bawah naungan Konfederasi Rakyat Pekerja Indonesia (KRPI). Rieke menyebut Ermanto adalah rekan seperjuangan yang konsisten mengawal kasus kerugian negara di Pelindo yang nilainya mencapai triliunan rupiah. Meski sudah tidak lagi bekerja di JICT, dedikasi Ermanto terhadap pemberantasan korupsi tidak luntur. Rieke mengungkap belakangan ini almarhum sedang berupaya membongkar kembali kasus-kasus lama yang dianggap sengaja dihentikan atau 'dipetieskan'. ""Sampai terakhirnya saya yakin Pak Ermanto terus memperjuangkan agar dibukanya kasus yang terindikasi dipetieskan. Kasus korupsi di pelabuhan yang terindikasi dipetieskan,"" tegas Rieke. Sekitar satu bulan sebelum tutup usia, Ermanto diketahui sempat tampil di sebuahpodcastuntuk menyuarakan kembali isu korupsiglobal bonddan proyek Kalibaru yang merugikan negara. Kepergian Ermanto menyisakan duka mendalam sekaligus tanda tanya besar bagi keluarga. Rieke membeberkan bahwa almarhum seolah sudah merasakan adanya ancaman. Sejak Februari lalu, ia disebut sering meminta maaf kepada keluarga. ""Adachatyang cukup panjang bahwa bulan Februari kemarin ayahnya minta maaf tolong diikhlaskan apa segala bahwa ya ada indikasi-indikasi, saya nggak tahu ada indikasi-indikasi tapi yang jelas ayahnya pernah berpesan sama anak-anaknya kalau ada apa-apa sama Bapak hubungi Bu Rieke gitu,"" katanya. Rieke menyoroti fakta di TKP soal tidak ada barang berharga milik korban yang hilang, termasuk perhiasan yang ada di kamar maupun yang sedang dikenakan. Dia merasa janggal atas kasus pembunuhan Ermanto. Pelaku disebut hanya membawa telepon genggam (handphone/HP), dompet, dua kunci mobil korban. Kondisi korban saat ditemukan pun disebut sangat tragis. ""Ini bukan perampokan karena tidak ada barang yang hilang kecuali kunci mobil, dompet, danhandphoneya. Jadi saya kira perlu ada kajian dan investigasi yang lebih luas, lebih tajam dari pihak kepolisian. Dan kami berharap ada penegakan hukum segera diambil begitu. Tentu saja bukan hanya eksekutor lapangan tapi otak di balik indikasi pembunuhan ini,"" ucap. Kini, istri Ermanto dilaporkan masih dalam kondisi kritis di rumah sakit (RS). Rieke pun berencana meminta perlindungan resmi dari Lembaga Perlindungan Saksi dan Korban (LPSK) untuk keluarga almarhum. Lihat juga Video 'Polisi Bekuk Pelaku Kasus Mayat Wanita di Saluran Drainase Karawang': [Gambas:Video 20detik]"
https://news.detik.com/berita/d-8384510/kpk-duit-korupsi-bupati-pekalongan-bisa-buat-400-rumah-atau-60-km-jalan;KPK: Duit Korupsi Bupati Pekalongan Bisa Buat 400 Rumah atau 60 Km Jalan;Rabu, 04 Mar 2026 21:26 WIB;"KPK mengungkap kerugian keuangan negara yang diakibatkan praktik dugaan korupsi pengadaan barang dan jasa outsourcing yang dilakukanBupati PekalonganFadia Arafiq besar.KPKmenyebut uang sebesar Rp 46 miliar dalam kasus ini bisa digunakan untuk membangun 400 rumah layak huni di Pekalongan. ""Awalnya itu sekitar Rp 46 miliar (transaksi ke perusahaan suami dan anak Farida Arafiq) atau setelah dipotong untuk bayar pegawai Rp 22 miliar, ada (sisa) Rp 24 miliar. Itu kalau dibuatkan rumah layak huni untuk masyarakat di Pekalongan dengan indeks per rumah Rp 50 juta itu bisa sekitar 400 ratusan rumah,"" kata Deputi Penindakan dan Eksekusi KPK Asep Guntur Rahayu dalam konferensi pers di Gedung Merah Putih, Jakarta, Rabu (4/3/2026). Asep menjelaskan uang miliaran tersebut seharusnya bisa dipakai untuk kepentingan masyarakat, seperti perbaikan jalan di Kabupaten Pekalongan. Berdasarkan hitungannya, seharusnya bisa dibangun sekitar 60 km jalan. SCROLL TO CONTINUE WITH CONTENT ""Kalau dibikin jalan, jalan kabupaten yang biaya per kilometernya Rp 250 juta, Itu sekitar 50 sampai 60 kilometer, yang Rp 24 miliar itu bayangkan digunakan untuk kepentingan masyarakat,"" sebutnya. Perusahaan keluarga Fadia sendiri mendapat Rp 46 miliar sejak 2023 hingga 2026. KPK mengungkap perusahaan tersebut menerima total Rp 46 miliar dari kontrak dengan Pemkab Pekalongan. Dari total uang tersebut, Rp 22 miliar digunakan untuk pembayaran gaji pegawai dan ada yang dibagikan ke keluarganya dengan nilai Rp 19 miliar. Berikut rinciannya: - Bupati Pekalongan Fadia Arafiq sebesar Rp 5,5 miliar;- Suami Fadia, Ashraff, sebesar Rp 1,1 miliar;- Direktur PT RNB Rul Bayatun sebesar Rp 2,3 miliar;- Anak Fadia, Sabiq sebesar Rp 4,6 miliar;- Anak Fadia, Mehnaz Na sebesar Rp 2,5 miliar;- Serta dilakukan penarikan tunai sebesar Rp 3 miliar. Dalam kasus ini, KPK menyebut anak dan suami Fadia mendirikan perusahaan bernama PT Raja Nusantara Berjaya (RNB). Fadia diduga menjadi penerima manfaat atau beneficial ownership (BO) dari perusahaan tersebut. Perusahaan itu juga berisi tim sukses Fadia. Dirinya meminta perangkat daerah memenangkan perusahaan tersebut. KPK menyebut PT RNB mendapat proyek outsourcing di 17 perangkat daerah, tiga rumah sakit daerah dan satu kecamatan pada 2025. Dia dijerat pasal 12 huruf i dan Pasal 12 B Undang-Undang Pemberantasan Tindak Pidana Korupsi juncto Pasal 127 ayat (1) Undang-Undang Nomor 1 Tahun 2023 tentang KUHP. Simak juga Video 'KPK Sita Kendaraan dan Barang Elektronik di OTT Bupati Fadia Arafiq': [Gambas:Video 20detik]"
https://news.detik.com/berita/d-8382770/junaedi-saibih-juga-bebas-di-kasus-rintangi-penyidikan-3-perkara-korupsi;Junaedi Saibih Juga Bebas di Kasus Rintangi Penyidikan 3 Perkara Korupsi;Selasa, 03 Mar 2026 22:57 WIB;"Pengacara Junaedi Saibih juga divonis bebas dalam kasus dugaan perintangan penyidikan tiga perkara korupsi. Hakim membebaskan Junaedi dari dakwaan kasus tersebut. ""Mengadili, menyatakan Terdakwa Junaedi Saibih tersebut di atas, tidak terbukti secara sah dan meyakinkan bersalah melakukan tindak pidana sebagaimana didakwakan dalam dakwaan tunggal,"" ujar ketua majelis hakim Efendi saat membacakan amar putusan Junaedi Saibih di Pengadilan Tipikor Jakarta Pusat, Selasa (3/3/2026). ""Membebaskan Terdakwa oleh karena itu dari dakwaan Penuntut Umum,"" imbuh hakim. SCROLL TO CONTINUE WITH CONTENT Hakim memerintahkan Junaedi dibebaskan dari tahanan. Hakim juga memerintahkan pemulihan hak serta kedudukan dan martabat Junaedi. ""Memerintahkan Terdakwa dibebaskan dari tahanan seketika setelah putusan ini diucapkan. Memulihkan hak-hak Terdakwa dalam kemampuan, kedudukan, harkat, serta martabatnya,"" ujar hakim Adapun tiga perkara korupsi itu ialah kasus korupsi tata kelola komoditas timah, korupsi impor gula di Kementerian Perdagangan RI, serta perkara korupsi pengurusan izin eksporcrude palm oil(CPO) atau bahan minyak goreng. Hakim berpendapat seminar yang dilakukan Junaedi merupakan bagian dari profesi seorang dosen dan tidak ada keberatan dari Universitas Indonesia atas kegiatan tersebut. ""Menimbang bahwa oleh karena itu, majelis hakim berpendapat bahwa membuat skema social engineering sejumlah kegiatan dengan membuat narasi-narasi negatif adalah bagian dari pembelaan non-litigasi di luar persidangan sepanjang dilakukan sesuai dengan peraturan yang berlaku, sehingga bukanlah bagian dari perbuatan yang memiliki sifat melawan hukum,"" ujar hakim. Hakim menyatakan Junaedi tidak mengetahui rentetan proses penyuapan ke majelis hakim untuk vonis lepas perkara migor. Hakim menyatakan Junaedi tidak mengetahui atau menyetujui pembuatan konten negatif terhadap Kejaksaan Agung yang menangani tiga perkara tersebut. ""Menimbang bahwa dalam persidangan terungkap, Terdakwa Junaedi Saibih tidak pernah mengetahui, menyetujui, atau berpartisipasi dalam pembuatan berita-berita yang bersifat negatif terhadap Kejaksaan Agung, baik di media mainstream maupun media sosial sebagaimana dimaksud penuntut umum,"" kata hakim. Hakim menyatakan Junaedi terbukti tidak pernah menyuruh pelaporan terhadap Guru Besar IPB Bambang Hero Saharjo terkait perhitungan kerugian kasus korupsi timah. Hakim menyatakan molornya sidang perkara korporasi migor sudah sesuai ketentuan KUHAP dan bukan upaya Junaedi untuk menunda persidangan. ""Menimbang bahwa oleh karena itu, maka majelis hakim berpendapat bahwa setelah dibuktikan di pengadilan berdasarkan keterangan saksi dan persesuaian alat bukti lainnya, Terdakwa Junaedi Saibih tidak pernah menyuruh melaporkan Bambang Hero ke kepolisian serta langkah gugatan hukum,"" ujar hakim. Hakim menyatakan Junaedi tidak terlibat dalam pengerahan massa di Bangka Belitung sebagaimana dalam surat dakwaan. Hakim menyatakan unsur Pasal 21 UU Tipikor tentang perintangan penyidikan kasus korupsi migor, timah dan impor gula tidak terpenuhi atas Junaedi. ""Menimbang bahwa seluruh proses hukum kasus perkara timah, kasus perkara migor, dan kasus perkara impor gula, semuanya sudah diputus oleh pengadilan tingkat pertama hingga tingkat kasasi dan telah berkekuatan hukum tetap. Selain itu, Kejaksaan juga telah mengeksekusi seluruh putusan tersebut,"" kata hakim. ""Menimbang bahwa oleh karena itu, maka unsur dengan sengaja mencegah, merintangi, atau menggagalkan penyidikan, penuntutan, dan sidang pengadilan terhadap tersangka, terdakwa, atau para saksi dalam perkara korupsi, tidak terpenuhi,"" tambah hakim. Dengan demikian, Junaedi bebas dari dakwaan Pasal 21 UU TipikorjunctoPasal 20 huruf c UU Nomor 1 Tahun 2023 tentang KUHP. Hakim juga membebaskan Junaedi dari dakwaan kasus suap vonis lepas perkara migor dalam Pasal 6 ayat 1 huruf a atau Pasal 5 ayat 1 huruf a atau Pasal 13junctoPasal 18 UU TipikorjunctoPasal 55 ayat 1 ke-1 KUHP. Dalam perkara suap, Junaedi Saibih dituntut 9 tahun penjara. Jaksa Penuntut Umum (JPU) juga menuntut Junaedi membayar denda Rp 600 juta subsider 150 hari pidana kurungan. Junaedi juga diadili dalam kasus merintangi penyidikan. Dalam kasus tersebut, Junaedi Saibih dituntut 10 tahun penjara, denda Rp 600 juta subsider pidana kurungan selama 150 hari."
https://news.detik.com/internasional/d-8390106/serangan-israel-sasar-5-titik-fasilitas-minyak-iran-4-orang-tewas;Serangan Israel Sasar 5 Titik Fasilitas Minyak Iran, 4 Orang Tewas;Minggu, 08 Mar 2026 14:59 WIB;"Amerika Serikatdan Israel menyerang lima fasilitas minyak di sekitar ibu kota Iran. Serangan itu menewaskan empat orang. ""Semalam, empat depot minyak dan pusat transportasi produk minyak bumi di Teheran dan Alborz diserang oleh pesawat musuh,"" kata CEO Perusahaan Distribusi Produk Minyak Nasional Iran, Keramat Veyskarami, kepada televisi pemerintah Iran, dilansir AFP, Minggu (8/3/2026). Sebanyak 4 orang tewas dalam insiden itu. Terdapat sejumlah kerusakan di lokasi, namun kebakaran berhasil dikendalikan. SCROLL TO CONTINUE WITH CONTENT ""Empat personel kami, termasuk dua pengemudi truk tangki minyak, tewas dalam insiden tersebut,"" ujar Veyskarami. Ia mengatakan fasilitas infrastruktur energi tersebut 'mengalami kerusakan' tetapi 'api berhasil dikendalikan'. Usai serangan, terlihat asap kebakaran menyelimuti ibu kota Iran semalaman, serta menciptakan kabut gelap di seluruh kota saat pagi tiba. Warga melaporkan bau terbakar masih tercium di udara. Veyskarami mengatakan depot minyak Iran memiliki ""cadangan bensin yang cukup"". Diketahui, pada 28 Februari lalu, AS dan Israel melancarkan serangan terhadap Iran yang menewaskan pemimpin tertingginya, Ayatollah Ali Khamenei, dan memicu perang di Timur Tengah. Iran merespons dengan serangan pesawat tak berawak dan rudal yang menargetkan Israel serta kepentingan AS di seluruh wilayah tersebut. Lihat juga Video 'Sirine Meraung saat Rentetan Rudal Iran Hujani Langit Tel Aviv': [Gambas:Video 20detik]"
https://news.detik.com/internasional/d-8390753/houthi-sambut-mojtaba-khamenei-pemimpin-baru-iran-pukulan-telak-bagi-musuh;Houthi Sambut Mojtaba Khamenei Pemimpin Baru Iran: Pukulan Telak bagi Musuh;Senin, 09 Mar 2026 07:32 WIB;"Kelompok Houthi, yang bermarkas di Yaman, menyambut penunjukkanMojtaba Khameneisebagai pemimpin tertinggi yang baru Iran setelah kematian ayah Mojtaba, Ayatollah Ali Khamenei. Houthi menyebut penunjukkan ini pukulan besar bagi musuh-musuh Iran. Dilansir kantor berita AFP, Senin (9/3/2026), Houthi mengucapkan selamat atas terpilihnya Mojtaba Khamenei. Houthi menilai penunjukkan ini harus dilakukan di tengah kondisi yang krusial antara perang Amerika Serikat (AS) dan Israel terhadap Iran. ""Kami mengucapkan selamat kepada Republik Islam Iran, kepemimpinannya, dan rakyatnya, atas terpilihnya Sayyid Mojtaba Khamenei sebagai Pemimpin Tertinggi Revolusi Islam pada saat yang penting dan krusial ini,"" kata kelompok itu dalam sebuah pernyataan di Telegram. SCROLL TO CONTINUE WITH CONTENT Houthi mengatakan terpilihnya Mojtaba Khamenei sebagai kemenangan baru bagi Garda Revolusi Iran. Dia menyebut ini juga menjadi pukulan telak bagi musuh. ""Kemenangan baru bagi Revolusi Islam dan pukulan telak bagi musuh-musuh Republik Islam dan musuh-musuh negara,"" ujarnya. Diketahui, Majelis Pakar telah resmi mengangkat Ayatollah Seyyed Mojtaba Khamenei sebagai pemimpin tertinggi Iran yang baru. Nama Mojtaba sebelumnya sempat disebut-sebut menjadi calon terkuat untuk menggantikan Ali Khamenei. Sementara, Israel menegaskan terus memantau pengganti rezim Ali Khamenei. Menteri Pertahanan (Menhan) Israel, Israel Katz, mengatakan bahwa militer negaranya akan membunuh setiap pemimpin Iran yang ditunjuk untuk menggantikan mendiang Ali Khamenei. ""Setiap pemimpin yang ditunjuk oleh rezim Iran untuk terus memimpin rencana menghancurkan Israel, mengancam AS dan dunia bebas dan negara-negara di kawasan ini, dan menindas rakyat Iran, akan menjadi target yang jelas untuk dieliminasi,"" tegas Katz dalam pernyataannya, seperti dilansir Al Jazeera, Rabu (4/3). ""Tidak peduli siapa namanya atau di mana dia bersembunyi,"" cetusnya. Saksikan Live DetkSore: Tonton juga video ""Mojtaba Khamenei Terpilih sebagai Pemimpin Tertinggi Iran yang Baru"" [Gambas:Video 20detik]"
https://news.detik.com/berita/d-8385372/gerak-gerik-wanita-pura-pura-melayat-di-jaktim-tapi-gondol-duit-takziah;Gerak-gerik Wanita Pura-pura Melayat di Jaktim tapi Gondol Duit Takziah;Kamis, 05 Mar 2026 13:20 WIB;"Seorang wanita diduga mencuri uang takziah setelah pura-pura bertakziahdi Kramat Jati, Jakarta Timur (Jaktim). Kejadian itu menimpa keluarga Nyai Hasanah (45). Peristiwa itu terjadi pada Senin (2/3) sekitar pukul 12.30 WIB di rumah duka di Jalan Dukuh IV, Kampung Dukuh, Kramat Jati,Jaktim. Hasanah mengatakan uang takziah diambil semua oleh pelaku. ""Iya pelakunya perempuan,ngakunyamau melayat, kenal sama kita, tahu-tahunya uang takziah ludes, hilang nggak tersisa,"" kata Hasanah saat ditemui di lokasi kejadian, dilansirAntara, Kamis (5/3/2026). SCROLL TO CONTINUE WITH CONTENT Mertua Hasanah meninggal dunia sekitar pukul 04.00 WIB, sedangkan pelaku tiba sekitar pukul 08.00 WIB. Hasanah menceritakan pelaku datang sejak pagi hari saat suasana rumah masih lengang dan pelayat belum ramai berdatangan. Pelaku bahkan bertahan hingga menjelang waktu pemakaman. Selama berada di rumah duka, dia hanya duduk dan sesekali memperhatikan situasi sekitar. Kepada keluarga korban, perempuan itu mengaku sebagai teman kakak ipar korban dan menyebut dirinya sebagai 'teman perjuangan' saat mengambil bantuan sosial, seperti sembako dan KJP. Hasanah tak menaruh curiga sedikit pun karena merasa pelaku mengenal keluarganya. Wanita itu lalu mencuri uang takziah setelah beralasan menumpang ke toilet. Keluarga baru menyadari kehilangan sekitar pukul 12.30 WIB. Warga sempat mengejar, tapi pelaku sudah keburu kabur. Video wanita tersebut viral di media sosial (medsos). Dalam rekaman CCTV, terlihat pelaku lari ke luar setelah melancarkan aksinya. Terduga pelaku diklaim juga pernah melakukan aksi serupa di beberapa tempat, seperti di Jalan Damai Lubang Buaya pada 22 Desember 2025 dan di Jalan Bambu Kuning, Bambu Apus, pada 4 Februari 2026. Polisi menyelidiki kasus tersebut dengan mendatangi tempat kejadian perkara (TKP) untuk melakukan penyelidikan awal. Polisi juga meminta keterangan dari keluarga korban dan sejumlah saksi. Petugas juga memeriksa rekaman CCTV di sekitar lokasi. ""Sedang kami selidiki kasus pencurian uang takziah di Kramat Jati oleh seorang perempuan,"" kata Kepala Unit Reserse Kriminal (Kanit Reskrim) Polsek Kramat Jati, AKP Fadoli). Kasus itu terjadi di Jalan Dukuh IV, Kampung Dukuh, Kramat Jati, Jaktim. Pelaku diduga melancarkan aksinya dengan berpura-pura mengenal keluarga almarhum agar bisa berbaur dengan para pelayat. ""Dia melancarkan aksinya berpura-pura kenal dengan keluarga almarhum lalu berbaur dengan pelayat lainnya,"" katanya. Menurutnya, pelaku memanfaatkan situasi rumah duka yang ramai oleh pelayat. Saat kondisi lengah, perempuan tersebut mengambil uang takziah dan dimasukkan ke dalam tas miliknya. ""Pas sedang lengah, pelaku mengambil uang takziah yang sudah dikantongi, dimasukkan ke dalam tasnya, lalu kabur,"" katanya. Lihat juga Video: Pura-Pura Beli Makan Kucing, Pria Curi Uang di Kasir Pet Shop Jakbar [Gambas:Video 20detik]"
https://news.detik.com/berita/d-8387594/delpedro-dkk-divonis-bebas-di-kasus-penghasutan-demo-ricuh-agustus-2025;Delpedro dkk Divonis Bebas di Kasus Penghasutan Demo Ricuh Agustus 2025;Jumat, 06 Mar 2026 16:33 WIB;"Direktur Eksekutif LokataruDelpedro Marhaendkk divonis bebas di kasus dugaan penghasutan terkait demonstrasi berujung kericuhan pada Agustus 2025. Hakim membebaskan Delpedro dkk dari dakwaan kasus tersebut. Sidang vonis Delpedro dkk digelar di Pengadilan Negeri Jakarta Pusat, Jumat (6/3/2026). Tiga terdakwa lainnya dalam perkara ini adalah admin @gejayanmemanggil Syahdan Husein, staf Lokataru Foundation Muzaffar, serta mahasiswa Universitas Riau Khariq Anhar. ""Mengadili, menyatakan Terdakwa satu Delpedro Marhaen Rismansyah, Terdakwa dua Muzaffar Salim, Terdakwa tiga Syahdan Husein, dan Terdakwa empat Khariq Anhar tersebut di atas, tidak terbukti bersalah melakukan tindak pidana sebagaimana didakwakan dalam dakwaan alternatif kedua, alternatif ketiga dan alternatif keempat Penuntut Umum,"" ujar ketua majelis hakim Ketua majelis hakim Harika Nova Yeri saat membacakan amar putusan di Pengadilan Negeri Jakarta Pusat, Jumat (6/3/2026). SCROLL TO CONTINUE WITH CONTENT ""Membebaskan para Terdakwa oleh karena itu dari seluruh dakwaan Penuntut Umum,"" imbuh hakim. Hakim menyatakan jaksa gagal menghadirkan bukti untuk menunjukkan upaya manipulasi, penghasutan atau rekayasa fakta yang dilakukan Delpedro dkk. Hakim berpendapat konten yang diunggah Delpedro dkk memiliki kesesuaian dengan fakta lapangan yang tersaji di ruang publik. ""Menimbang bahwa dalam pemeriksaan di persidangan Penuntut Umum tidak mampu menghadirkan bukti atau pun bukti satu pun yang menunjukkan adanya upaya manipulasi, fabrikasi, maupun rekayasa fakta yang dilakukan oleh para terdakwa dalam unggahanflyer-flyerdi media sosial Instagram terkait kronologis maupun penyebab kematian tersebut,"" ujar hakim. Hakim berkeyakinan narasi unggahan Delpedro dkk terkait peristiwa tewasnyadriverojekonlineAffan Kurniawan didasarkan pada keyakinan untuk mengawal keadilan dan bentuk kebebasan berekspresi atas kekecewaan pada peristiwa yang terjadi. Hakim menyatakan unsur menyebarkan berita bohong atau menyesatkan dalam dakwaan dinyatakan tidak terbukti secara sah menurut hukum atas perbuatan Delpedro dkk. ""Menimbang bahwa postingan pada tanggal 28 Agustus 2024 tepatnya pada malam hari sebagai bentuk respons kemarahan dan solidaritas kemanusiaan sebagai aktivis HAM atas terjadinya peristiwa yang menimpa Affan Kurniawan, unggahan tersebut merupakan ekspresi simbolik sebagai bentuk kebebasan berekspresi atas kecewa terhadap peristiwa yang menimpa Affan Kurniawan,"" ujar hakim. Hakim menyatakan tidak ada saksi yang menerangkan bahwa dirinya atau massa melakukan tindakan kerusuhan karena terpengaruh secara langsung oleh unggahan Delpedro dkk. Hakim menyatakan tidak terdapat alat bukti yang menunjukkan adanya ajakan eksplisit dari Delpedro dkk untuk melakukan kekerasan atau perusakan sebagai konsekuensi dari informasi yang disebarkan. ""Bahwa satu-satunya yang menyatakan tergerak ikut aksi solidaritas peristiwa Affan adalah saksi Anak Faiz Ambia, namun di persidangan menyatakan tidak tergerak untuk melakukan kerusuhan karena tidak ada ajakan kerusuhan, tapi tergerak karena mendapat perlindungan atas kebebasan berekspresi,"" ujar hakim. Hakim menyatakan Delpedro dkk tidak terbukti melakukan kehendak ataupun kesadaran akan kemungkinan timbulnya kerusuhan sebagai akibat dari unggahan tersebut. Hakim menyatakan unsur dengan sengaja menyebarkan informasi atau dokumen elektronik yang berisi pemberitahuan bohong sehingga menimbulkan kerusuhan, tidak terpenuhi dan tidak terbukti atas Delpedro dkk. ""Menimbang bahwa berdasarkan seluruh alat-alat bukti yang diajukan di persidangan tidak terdapat bukti objektif yang membuktikan secara pasti bahwa informasi yang disebarkan adalah kebohongan. Tidak terdapat dokumen resmi pembanding yang diuji secara kontradiktur,"" ujar hakim. ""Tidak terdapat bukti bahwa para Terdakwa telah mengetahui informasi tersebut keliru sebelum menyebarkannya. Tidak terdapat bukti hubungan sebab akibat langsung atau antara unggahan para Terdakwa dengan terjadinya kerusuhan. Kerusuhan yang terjadi lebih berkaitan dengan peristiwa faktual di lapangan yang berdiri sendiri,"" imbuh hakim. Hakim menyatakan unsur dakwaan merekrut atau memperalat anak untuk kepentingan militer atau kepentingan lainnya, yang menempatkan anak dalam keadaan berbahaya tidak terbukti atas Delpedro dkk. Hakim memerintahkan pemulihan hak Delpedro dkk dalam kemampuan harkat dan martabatnya. ""Memulihkan hak-hak para Terdakwa dalam kemampuan, kedudukan, harkat serta martabatnya,"" ujar hakim. Hakim menyatakan unsur melakukan tindak pidana tidak terpenuhi atas Delpedro dkk. Hakim memerintahkan Delpedro dkk dibebaskan dari tahanan kota setelah putusan ini diucapkan. ""Memerintahkan Terdakwa satu, Terdakwa dua, dan Terdakwa tiga dibebaskan dari tahanan seketika setelah putusan ini diucapkan,"" ujar hakim. Hakim membebaskan Delpedro dkk dari seluruh dakwaan yaitu Pasal 28 ayat 2 juncto Pasal 45A ayat 2 atau Pasal 28 ayat 3 juncto Pasal 45A ayat 3 UU Nomor 11 Tahun 2008 tentang Informasi dan Transaksi Elektronik juncto Pasal 55 ayat 1 ke-1 KUHP atau Pasal 160 KUHP juncto Pasal 55 ayat 1 ke-1 KUHP atau Pasal 76H juncto Pasal 15 juncto Pasal 87 UU RI Nomor 35 Tahun 2014 tentang Perlindungan Anak juncto Pasal 55 ayat 1 ke-1 KUHP. Sidang tuntutan Delpedro dkk sebelumnya digelar pada Jumat (27/2). Jaksa menuntut Delpedro, Syahdan, Muzaffar dan Khariq dengan pidana penjara selama 2 tahun. Lihat juga Video Delpedro: Tuntutan 2 Tahun Penjara Tak Buat Kami Gentar dan Takut! [Gambas:Video 20detik]"
https://news.detik.com/berita/d-8385397/3-terdakwa-korupsi-minyak-mentah-ajukan-banding-usai-divonis-9-10-tahun-bui;3 Terdakwa Korupsi Minyak Mentah Ajukan Banding Usai Divonis 9-10 Tahun Bui;Kamis, 05 Mar 2026 13:31 WIB;"Eks Direktur Utama PT Pertamina International Shipping, Yoki Firnandi, resmi mengajukan banding atas vonis 9 tahun penjara dikasus korupsi tata kelola minyak mentah.Pengacara Yoki menyebut putusan untuk Yoki tak sesuai dengan fakta persidangan. Pendaftaran upaya banding itu resmi diajukan di Pengadilan Tipikor Jakarta, Kamis (5/3/2026). Dua terdakwa lain yang mengajukan banding ialah Sani Dinar Saifuddin selaku eks Direktur Feedstock dan Product Optimization PT Kilang Pertamina Internasional, serta Agus Purwono (AP) selaku eks VP Feedstock Management PT Kilang Pertamina Internasional. ""Hari ini kami mendaftarkan pernyataan banding kami atas putusan yang telah dijatuhkan pada Minggu lalu terhadap Pak Yoki Firnandi, Pak Sani Dinar Saifuddin, Pak Agus Purwono,"" kata pengacara para terdakwa, Dion Pongkor, kepada wartawan, Kamis (5/3/2026). SCROLL TO CONTINUE WITH CONTENT Dion mengungkapkan alasan mereka mengajukan banding adalah adanyadissenting opiniondari salah satu hakim. Dia juga menilai putusan hakim tidak sesuai dengan fakta sidang. ""Kenapa kami memutuskan menyatakan banding? Setelah kami menelaah isi putusan yang dibacakan oleh majelis Minggu lalu, ternyata di samping yang melakukandissenting opinion, semuanya itu tidak sesuai dengan fakta persidangan,"" tambahnya. Dion menilai putusan terhadap Yoki, Sani, dan Agus hanyacopy pastesurat tuntutan. Dia berharap fakta persidangan akan diperhatikan oleh majelis tingkat banding. ""Sehingga fokus utama kami adalah di memori banding kami nanti, kami berharap Yang Mulia Judex Facti di tingkat banding memperhatikan betul-betul fakta persidangan,"" ujarnya. Menurutnya,dissenting opiniondari hakim Mulyono Dwi Putro yang mengikuti fakta persidangan. Dia berharap dapat memperoleh keadilan dalam pengajuan banding ini. ""Apakah fakta persidangannya itu mendukung dakwaan? Mendukung narasi yang selama ini disampaikan oleh Jaksa Penuntut Umum? Sayangnya, selama ini fakta persidangannya bertentangan dengan narasi Penuntut Umum melalui dakwaan maupun tuntutannya,"" kata Dion. ""Sehingga kami dengan itu bulat untuk memutuskan menyatakan banding hari ini dengan harapan mendapatkan keadilan sesuai hukum karena kami percaya negara ini negara hukum,"" tambahnya. Sebagai informasi, tiga terdakwa dalam perkara ini juga telah mengajukan banding. Mereka ialah Riva Siahaan selaku mantan Direktur Utama PT Pertamina Patra Niaga (PT PPN), Maya Kusmaya selaku eks Direktur Pemasaran Pusat dan Niaga PT Pertamina Patra Niaga, serta Edward Corne selaku eks VP Trading Operations PT Pertamina Patra Niaga. Pengajuan banding Riva, Maya dan Edward dilakukan pada Rabu (4/3) kemarin. Sidang vonis Yoki, Sani, Agus, Riva, Maya, dan Edward sebelumnya digelar di Pengadilan Tipikor Jakarta, Kamis (26/2/2026). Ketiganya dinyatakan bersalah melakukan korupsi secara bersama-sama dalam kasus tata kelola minyak mentah. Berikut detail vonisnya: 1. Sani Dinar Saifuddin divonis 9 tahun penjara, denda Rp 1 miliar subsider 190 hari kurungan.2. Yoki Firnandi divonis 9 tahun penjara, denda Rp 1 miliar subsider 190 hari kurungan.3. Agus Purwono divonis 10 tahun penjara dan denda Rp 1 miliar subsider 190 hari kurungan.4. Riva Siahaan divonis 9 tahun penjara, denda Rp 1 miliar subsider 190 hari pidana kurungan.5. Maya Kusmaya divonis 9 tahun penjara, denda Rp 1 miliar subsider 190 hari kurungan.6. Edward Corne divonis 10 tahun penjara, denda Rp 1 miliar subsider 190 hari kurungan. Lihat juga Video Anak Riza Chalid Divonis 15 Tahun Penjara di Kasus Minyak Mentah [Gambas:Video 20detik]"
https://news.detik.com/berita/d-8385334/laporan-dugaan-pelanggaran-etik-adies-kadir-tak-diterima-mkmk;Laporan Dugaan Pelanggaran Etik Adies Kadir Tak Diterima MKMK;Kamis, 05 Mar 2026 13:06 WIB;"Majelis Kehormatan Mahkamah Konstitusi (MKMK) memutuskan tidak menerima laporan dugaan pelanggaran kode etik yang dilakukan oleh hakim MKAdies Kadir. Laporan tersebut dianggap bukan kewenangan MKMK. ""Majelis Kehormatan tidak berwenang memeriksa, mengadili, dan memutus Laporan a quo,"" kata Ketua MKMK I Dewa Gede Palguna saat membacakan amar putusan di gedung MK, Jakarta Pusat, Kamis (5/3/2026). SCROLL TO CONTINUE WITH CONTENT MKMK menyebut laporan yang diajukan tidak bisa diukur dengan kapasitas Adies Kadir sebagai calon hakim MK. Laporan tersebut, kata MKMK, hanya menguraikan tindakan-tindakan Adies Kadir ketika masih menjabat sebagai anggota DPR RI. ""Laporan yang diajukan pelapor menguraikan tindakan-tindakan yang dilakukan oleh Hakim Terlapor 2 (Adies Kadir) sebelum menjabat sebagai hakim konstitusi, utamanya dalam kapasitasnya sebagai anggota Dewan Perwakilan Rakyat (DPR). Tindakan tersebut jelas tidak bisa dan tidak mungkin diukur dengan Sapta Karsa Hutama melainkan harus dengan kode etik yang mengikat dirinya sesuai dengan jabatannya,"" kata anggota MKMK Ridwan Mansyur. Anggota MKMK lain, Yuliandri, menegaskan dugaan pelanggaran yang dilaporkan bukan termasuk kewenangan MKMK. Hal tersebut, katanya, tertuang dalam UU MK dan PMK 11/2024. ""Dengan demikian, dugaan pelanggaran sebagaimana diuraikan oleh Pelapor telah nyata-nyata tidak termasuk dalam ruang lingkup dari kewenangan yang diberikan kepada Majelis Kehormatan, sebagaimana ditetapkan dalam UU MK dan PMK 11/2024,"" katanya. Untuk diketahui, terdapat tiga laporan yang melaporkan ke MKMK dugaan pelanggaran kode etik oleh Adies Kadir. Laporan tersebut tertuang dengan nomor registrasi sebagai berikut: 01/MKMK/L/ARLTP/02/2026, 02/MKMK/L/ARLTP/02/2026, dan 03/MKMK/L/ARLTP/02/2026. Lihat juga Video: DPR Sepakati MKMK Tak Berwenang Proses Laporan Penetapan Adies Kadir [Gambas:Video 20detik]"
https://news.detik.com/berita/d-8386930/delpedro-marhaen-gugat-pasal-penghasutan-di-kuhp-ke-mk;Delpedro Marhaen Gugat Pasal Penghasutan di KUHP ke MK;Jumat, 06 Mar 2026 11:42 WIB;"Direktur Eksekutif LokataruDelpedro Marhaendan staf Lokataru, Muzaffar Salim, mengajukan gugatan terhadap sejumlah pasal di UU 1/2023 tentang KUHP. Pasal yang digugat itu antara lain pasal penghasutan dan penyebaran hoaks. Dilihat dari situs resmi MK, Jumat (6/3/2026), gugatan tersebut teregistrasi dengan nomor 93/PUU-XXIV/2026. Mereka mengajukan gugatan terhadap Pasal 246, Pasal 264 ayat (1) dan ayat (2), serta pasal 264. Berikut isi pasal-pasal yang digugat: SCROLL TO CONTINUE WITH CONTENT Pasal 246 Dipidana dengan pidana penjara paling lama 4 tahun atau pidana denda paling banyak kategori V (Rp 500 juta), setiap Orang yang Di Muka Umum dengan lisan atau tulisan: a. menghasut orang untuk melakukan Tindak Pidana; ataub. menghasut orang untuk melawan penguasa umum dengan Kekerasan. Pasal 263 (1) Setiap Orang yang menyiarkan atau menyebarluaskan berita atau pemberitahuan padahal diketahuinya bahwa berita atau pemberitahuan tersebut bohong yang mengakibatkan kerusuhan dalam masyarakat, dipidana dengan pidana penjara paling lama 6 (enam) tahun atau pidana denda paling banyak kategori V (Rp 500 juta).(2) Setiap Orang yang menyiarkan atau menyebarluaskan berita atau pemberitahuan padahal patut diduga bahwa berita atau pemberitahuan tersebut adalah bohong yang dapat mengakibatkan kerusuhan dalam masyarakat, dipidana dengan pidana penjara paling lama 4 (empat) tahun atau pidana denda paling banyak kategori IV (Rp 200 juta). Pasal 264 Setiap Orang yang menyiarkan berita yang tidak pasti, berlebih-lebihan, atau yang tidak lengkap sedangkan diketahuinya atau patut diduga, bahwa berita demikian dapat mengakibatkan kerusuhan di masyarakat, dipidana dengan pidana penjara paling lama 2 (dua) tahun atau pidana denda paling banyak kategori III (Rp 50 juta). Delpedro dan Muzaffar meminta MK menyatakan pasal-pasal tersebut bertentangan dengan UUD 1945 dan tidak mempunyai kekuatan hukum mengikat alias dihapus dari KUHP. Pemohon mengatakan dirinya saat ini sedang menjadi terdakwa karena diduga melanggar pasal 246 KUHP terkait dugaan penghasutan serta pasal 45 ayat 3 UU ITE terkait dugaan menyebar berita bohong. Menurut pemohon, muatan dalam kedua pasal yang didakwakan terhadap mereka juga terdapat di pasal-pasal yang digugat. ""Adapun muatan pasal tersebut serupa dengan Pasal 263 dan Pasal 264 KUHP yang sedang diuji oleh para pemohon,"" ujar pemohon. Para pemohon menilai keberadaan pasal-pasal yang digugat itu berpotensi menyebabkan kerugian konstitusional terhadap mereka di masa depan. Pemohon menyebut kerugian itu berupa terhalangnya hak atas pengakuan, jaminan, perlindungan dan kepastian hukum yang adil. ""Para pemohon juga kehilangan kesempatan untuk menjalankan kebebasan berpendapat sebagaimana dijamin oleh UUD 1945 dan prinsip negara hukum,"" ujar pemohon. Sebagai informasi, Delpedro dan Muzaffar bersama Syahdan serta Kharik akan menjalani sidang vonis kasus penghasutan demo berujung ricuh pada hari ini. Keempatnya dituntut 2 tahun penjara. [Gambas:Video 20detik]"
https://news.detik.com/berita/d-8385222/viral-wanita-pura-pura-melayat-lalu-curi-uang-takziah-di-jaktim;Viral Wanita Pura-pura Melayat lalu Curi Uang Takziah di Jaktim;Kamis, 05 Mar 2026 12:22 WIB;"Aksi wanita diduga mencuri uang takziah di Kramat Jati, Jakarta Timur (Jaktim), viral di media sosial (medsos). Polisi menyelidiki kasuspencuriantersebut. ""Sedang kami selidiki kasus pencurian uang takziah di Kramat Jati oleh seorang perempuan,"" kata Kepala Unit Reserse Kriminal (Kanit Reskrim)Polsek Kramat Jati, AKP Fadoli, dilansirAntara, Kamis (5/3/2026). Kasus itu terjadi di Jalan Dukuh IV, Kampung Dukuh, Kramat Jati, Jaktim. Pelaku diduga melancarkan aksinya dengan berpura-pura mengenal keluarga almarhum agar bisa berbaur dengan para pelayat. SCROLL TO CONTINUE WITH CONTENT ""Dia melancarkan aksinya berpura-pura kenal dengan keluarga almarhum lalu berbaur dengan pelayat lainnya,"" katanya. Menurut dia, pelaku memanfaatkan situasi rumah duka yang ramai oleh pelayat. Saat kondisi lengah, perempuan tersebut mengambil uang takziah dan dimasukkan ke tas miliknya. ""Pas sedang lengah, pelaku mengambil uang takziah yang sudah dikantongi, dimasukkan ke dalam tasnya lalu kabur,"" katanya. Polisi telah mendatangi tempat kejadian perkara (TKP) untuk melakukan penyelidikan awal. Selain meminta keterangan dari keluarga korban dan sejumlah saksi, petugas juga memeriksa rekaman kamera pengawas (CCTV) di sekitar lokasi. ""Kami juga sudah cek ke TKP untuk meminta keterangan keluarga korban dan melihat CCTV yang ada,"" kata Fadoli. Hingga kini, polisi masih memburu pelaku dan mendalami identitasnya. Fadoli juga mengimbau masyarakat agar tetap waspada, termasuk saat berada di rumah duka, dengan memastikan pengelolaan uang takziah dilakukan oleh orang yang dipercaya dan diawasi secara bergantian. Kasus ini menambah daftar tindak kejahatan dengan modus memanfaatkan momen duka. Polisi memastikan akan menindak tegas pelaku. Lihat juga Video: Pura-Pura Beli Makan Kucing, Pria Curi Uang di Kasir Pet Shop Jakbar [Gambas:Video 20detik]"
https://news.detik.com/berita/d-8382621/wanti-wanti-hakim-soal-lobi-di-praperadilan-status-tersangka-yaqut;â Wanti-wanti Hakim soal 'Lobi' di Praperadilan Status Tersangka Yaqut;Selasa, 03 Mar 2026 21:02 WIB;"Sidang praperadilan mantan Menteri AgamaYaqut Cholil Qoumasterkait penetapan tersangka di kasus korupsi kuota haji pada Kementerian Agama (Kemenag) tahun 2023-2024 digelar hari ini. Hakim mewanti-wanti persidangan ini bebas dari upaya transaksional. Persidangan digelar di Pengadilan Negeri Jakarta Selatan, Selasa (3/3/2026). Yaqut hadir sebagai pemohon dan KPK sebagai termohon. Kubu Yaqut menilai bukti yang dipakai KPK tidak sah. Tim pengacara Yaqut menilai KPK tidak memiliki kecukupan alat bukti dalam menetapkannya sebagai tersangka. SCROLL TO CONTINUE WITH CONTENT ""Penyidikan dan penetapan Pemohon sebagai tersangka tidak memenuhi syarat kecukupan bukti, baik terkait tuduhan adanya aliran dana dari penyelenggara ibadah haji khusus kepada Pemohon maupun terkait tuduhan perbuatan melawan hukum atau penyalahgunaan kewenangan dalam penerbitan KMA Nomor 130 Tahun 2024 tentang kuota haji tambahan tahun 1445 Hijriah atau 2024 Masehi,"" kata pengacara Yaqut, Mellisa Anggraini, dalam persidangan di Pengadilan Negeri Jakarta Selatan. Mellisa mengatakan langkah KPK yang menggunakan Keputusan Menteri Agama (KMA) Nomor 130 Tahun 2024 sebagai alat bukti dalam menetapkan Yaqut sebagai tersangka di kasus kuota haji keliru. KMA itu diketahui merupakan rujukan Yaqut dalam membagi jumlah kuota haji tambahan yang diterima Indonesia. ""Bahwa penggunaan KMA 130 Tahun 2024 sebagai salah satu dari dua alat bukti yang cukup tidak memenuhi syarat kecukupan bukti mengenai adanya perbuatan secara melawan hukum dan/atau penyalahgunaan kewenangan, kesempatan, atau sarana yang ada pada Pemohon terkait penerbitan KMA 130 Tahun 2024,"" terang Mellisa. Kubu Yaqut berdalih KMA 130 tahun 2024 itu telah didasarkan pada Pasal 9 Undang-Undang Nomor 8 Tahun 2019. Mellisa mengatakan pembagian kuota haji tambahan yang dilakukan Yaqut tidak menyalahi aturan mana pun. ""Bahwa pembagian tersebut didasarkan pada Pasal 9 Undang-Undang Nomor 8 Tahun 2019, sesuai dengan diskresi Pemohon berdasarkan ketentuan tersebut dengan memperhatikan keadaan atau perubahan di lapangan demi kelancaran serta keamanan penyelenggaraan ibadah haji untuk menekan jatuhnya korban jiwa jemaah haji saat ibadah haji berlangsung. Dan juga mendasarkan kepada kesepakatan internasional antara Pemerintah Republik Indonesia dengan Pemerintah Arab Saudi, taslimatul hajj atau MoU, yang mana menyatakan kuota haji tambahan diperuntukkan buat zona reguler 10 ribu dan zona khusus 10 ribu. Diperuntukkan untuk haji, jemaah haji reguler 10 ribu dan jemaah haji khusus 10 ribu,"" katanya. Kubu Yaqut meminta pengadilan membatalkan penetapan tersangka yang dilakukan KPK. Pihak Yaqut menilai status tersangka tidak sah karena KPK tidak memiliki dua alat bukti. ""Bahwa selama tidak ada dua alat bukti yang dapat menunjukkan atau membuktikan bahwa KMA 130 Tahun 2024 merupakan perbuatan melawan hukum dan/atau perbuatan menyalahgunakan wewenang, maka terbukti bahwa saat Termohon menetapkan Pemohon sebagai tersangka, tidak terdapat atau tidak didasarkan pada kecukupan alat bukti yang disyaratkan oleh undang-undang. Oleh karena itu, penetapan tersangka yang dikeluarkan oleh Termohon harus dinyatakan tidak sah dan tidak memiliki kekuatan hukum mengikat,"" jelas Mellisa. Hakim tunggal yang mengadili praperadilan ini meminta semua pihak untuk fokus pada pembuktian. Dia menegaskan persidangan ini bebas dari ruang transaksi. ""Terakhir, saya sampaikan kepada para pihak. Persidangan ini tidak ada transaksional. Tidak ada suap, tidak ada gratifikasi, tidak ada pemberian janji uang atau barang. Penyelesaian perkara ini murni pembuktian,"" ujar hakim dalam persidangan. Hakim mengingatkan agar tidak ada pihak yang menghubungi pejabat pengadilan untuk minta dimenangkan. Dia memastikan, apabila ada penawaran dari hakim, dipastikan penipuan dan diimbau melapor keMahkamah Agung(MA). ""Para pihak tidak perlu menghubungi orang pengadilan, pejabat pengadilan, untuk minta dimenangkan. Tidak perlu. Begitupun sebaliknya, jika ada pihak-pihak yang mengatasnamakan hakim pemeriksa ini bisa memenangkan dengan imbalan sejumlah uang, saya pastikan itu penipuan. Silakan langsung dilaporkan ke Mahkamah Agung,"" tuturnya. KPK telah menetapkan mantan Menteri Agama Yaqut Cholil Qoumas sebagai tersangka korupsi kuota haji pada Kementerian Agama tahun 2023-2024. KPK menyebut kebijakan Yaqut yang membagi kuota haji tambahan Indonesia telah merugikan negara. Simak juga Video 'KPK Pastikan Hadir di Sidang Lanjutan Praperadilan Yaqut': [Gambas:Video 20detik]"
https://news.detik.com/berita/d-8381683/hakim-sidang-praperadilan-gus-yaqut-ingatkan-tak-ada-lobi-dalam-persidangan;Hakim Sidang Praperadilan Gus Yaqut Ingatkan Tak Ada 'Lobi' dalam Persidangan;Selasa, 03 Mar 2026 13:38 WIB;"PN Jakarta Selatan menggelar sidangpraperadilanmantan Menteri Agama (Menag) Yaqut Cholil Qoumas atau Gus Yaqut terkait status tersangka kasus korupsi kuota haji hari ini. Dalam sidang, hakim meminta semua pihak yang ada dalam sidang berfokus pada pembuktian. ""Terakhir, saya sampaikan kepada para pihak. Persidangan ini tidak ada transaksional. Tidak ada suap, tidak ada gratifikasi, tidak ada pemberian janji uang atau barang. Penyelesaian perkara ini murni pembuktian,"" ujar hakim dalam persidangan, Selasa (3/3/2026). Hakim mengingatkan agar tidak ada pihak yang menghubungi pejabat pengadilan untuk minta dimenangkan. Dia memastikan, apabila ada penawaran dari hakim, dipastikan penipuan dan diimbau melapor ke Mahkamah Agung (MA). SCROLL TO CONTINUE WITH CONTENT ""Para pihak tidak perlu menghubungi orang pengadilan, pejabat pengadilan, untuk minta dimenangkan. Tidak perlu. Begitupun sebaliknya, jika ada pihak-pihak yang mengatasnamakan hakim pemeriksa ini bisa memenangkan dengan imbalan sejumlah uang, saya pastikan itu penipuan. Silakan langsung dilaporkan ke Mahkamah Agung,"" tuturnya. Kubu Yaqut sendiri sudah menyampaikan permohonannya dalam gugatan ini. Sidang selanjutnya akan digelar Rabu (4/3) pukul 10.00 WIB. Sebelumnya, mantan Menteri Agama Yaqut Cholil Qoumas atau Gus Yaqut meminta pengadilan membatalkan status tersangka yang disematkan KPK kepadanya. Kubu Yaqut menilai bukti yang dipakai KPK tidak sah. Hal itu disampaikan tim pengacara Yaqut dalam sidang praperadilan terkait penetapan status tersangka Yaqut di kasus korupsi kuota haji. Yaqut menilai KPK tidak memiliki kecukupan alat bukti dalam menetapkannya sebagai tersangka. ""Penyidikan dan penetapan Pemohon sebagai tersangka tidak memenuhi syarat kecukupan bukti, baik terkait tuduhan adanya aliran dana dari penyelenggara ibadah haji khusus kepada Pemohon maupun terkait tuduhan perbuatan melawan hukum atau penyalahgunaan kewenangan dalam penerbitan KMA Nomor 130 Tahun 2024 tentang kuota haji tambahan tahun 1445 Hijriah atau 2024 Masehi,"" kata pengacara Yaqut, Mellisa Anggraini, dalam persidangan di Pengadilan Negeri Jakarta Selatan, Selasa (3/3). Mellisa mengatakan langkah KPK yang menggunakan Keputusan Menteri Agama (KMA) Nomor 130 tahun 2024 sebagai alat bukti dalam menetapkan Yaqut sebagai tersangka di kasus kuota haji keliru. KMA itu diketahui merupakan rujukan Yaqut dalam membagi jumlah kuota haji tambahan yang diterima Indonesia. ""Bahwa penggunaan KMA 130 Tahun 2024 sebagai salah satu dari dua alat bukti yang cukup tidak memenuhi syarat kecukupan bukti mengenai adanya perbuatan secara melawan hukum dan/atau penyalahgunaan kewenangan, kesempatan, atau sarana yang ada pada Pemohon terkait penerbitan KMA 130 Tahun 2024,"" terang Mellisa. Kubu Yaqut berdalih KMA 130 tahun 2024 itu telah didasarkan pada Pasal 9 Undang-Undang Nomor 8 Tahun 2019. Mellisa mengatakan pembagian kuota haji tambahan yang dilakukan Yaqut tidak menyalahi aturan mana pun. ""Bahwa pembagian tersebut didasarkan pada Pasal 9 Undang-Undang Nomor 8 Tahun 2019, sesuai dengan diskresi Pemohon berdasarkan ketentuan tersebut dengan memperhatikan keadaan atau perubahan di lapangan demi kelancaran serta keamanan penyelenggaraan ibadah haji untuk menekan jatuhnya korban jiwa jemaah haji saat ibadah haji berlangsung. Dan juga mendasarkan kepada kesepakatan internasional antara Pemerintah Republik Indonesia dengan Pemerintah Arab Saudi, Taslimatul Hajj atau MoU, yang mana menyatakan kuota haji tambahan diperuntukkan untuk zona reguler 10.000 dan zona khusus 10.000. Diperuntukkan untuk haji, jemaah haji reguler 10.000 dan jemaah haji khusus 10.000,"" katanya. Kubu Yaqut meminta pengadilan membatalkan penetapan tersangka yang dilakukan KPK. Pihak Yaqut menilai status tersangka tidak sah karena KPK tidak memiliki dua alat bukti. ""Bahwa selama tidak ada dua alat bukti yang dapat menunjukkan atau membuktikan bahwa KMA 130 Tahun 2024 merupakan perbuatan melawan hukum dan/atau perbuatan menyalahgunakan wewenang, maka terbukti bahwa saat Termohon menetapkan Pemohon sebagai tersangka, tidak terdapat atau tidak didasarkan pada kecukupan alat bukti yang disyaratkan oleh undang-undang. Oleh karena itu, penetapan tersangka yang dikeluarkan oleh Termohon harus dinyatakan tidak sah dan tidak memiliki kekuatan hukum mengikat,"" jelas Mellisa. KPK diketahui telah menetapkan Yaqut Cholil Qoumas sebagai tersangka korupsi kuota haji pada Kementerian Agama tahun 2023-2024. KPK menyebutkan kebijakan Yaqut yang membagi kuota haji tambahan Indonesia telah merugikan negara. Lihat juga Video KPK Pastikan Hadir di Sidang Lanjutan Praperadilan Yaqut [Gambas:Video 20detik]"
https://news.detik.com/berita/d-8385624/3-kali-perkosa-siswi-smk-di-bekasi-oknum-pembina-pramuka-ditangkap;3 Kali Perkosa Siswi SMK di Bekasi, Oknum Pembina Pramuka Ditangkap;Kamis, 05 Mar 2026 15:00 WIB;"Polres Metro Bekasimenangkap pria berinisial MA (25) atas dugaan pemerkosaan terhadap siswi SMK di Cikarang Utara, Kabupaten Bekasi, Jawa Barat (Jabar). MA telah ditetapkan sebagai tersangka. ""Kasus ini terungkap setelah adanya laporan dari orang tua korban kepada pihak kepolisian,"" kata Kapolres Metro Bekasi Kombes Sumarni, Kamis (5/3/2026). MA merupakan oknum pembina ekstrakurikuler pramuka, sedangkan korban yang duduk di kelas X berusia 16 tahun. Berdasarkan keterangan pelapor yang merupakan ayah korban, MA mengajak putrinya bertemu. SCROLL TO CONTINUE WITH CONTENT Namun, MA malah membawa korban ke hotel. Peristiwa pertama diduga terjadi pada 16 Desember 2025 di salah satu hotel di wilayah Karangbahagia, Cikarang Utara. ""Peristiwa tersebut bermula ketika pelaku mengajak korban untuk berjalan-jalan di wilayah Cikarang. Namun dalam perjalanannya, pelaku membawa korban ke sebuah hotel dengan alasan untuk beristirahat,"" katanya. Pelaku MA melakukan tindakan serupa pada 21 Desember 2025 di sebuah hotel lain di kawasan Jababeka, Cikarang Utara. Kasuspemerkosaanketiga terjadi pada Januari 2026. ""Menurut keterangan yang diperoleh penyidik, saat berada di kamar hotel, pelaku diduga melakukan tindakan pemaksaan hingga akhirnya menyetubuhi korban. Dari hasil penyelidikan sementara, tindakan tersebut diduga terjadi sebanyak tiga kali sejak Desember 2025 hingga Januari 2026,"" jelasnya. Kasus itu lalu dilaporkan orang tua korban dengan nomor laporan STTLPAB/307/II/2026/SPKT/Polres Metro Bekasi/Polda Metro Jaya tertanggal 17 Februari 2026. Setelah menerima laporan, penyidik Satreskrim Polres Metro Bekasi segera melakukan serangkaian penyelidikan dan penyidikan. Polisi memeriksa sejumlah saksi, mengumpulkan barang bukti, serta mengecek lokasi kejadian di kedua hotel tersebut. Pada 2 Februari 2026, penyidik memanggil pelaku untuk dimintai keterangan sebagai saksi. ""Dalam proses pemeriksaan, penyidik menemukan alat bukti yang cukup sehingga dilakukan gelar perkara dan menetapkan MA (25) sebagai tersangka, yang diketahui merupakan seorang pembina pramuka di sekolah korban,"" jelasnya. Pelaku langsung ditangkap dan ditahan diPolres Metro Bekasiuntuk proses hukum lebih lanjut. Dalam proses penyidikan, polisi juga mengamankan sejumlah barang bukti berupa pakaian yang digunakan korban serta bukti datacheck-inhotel yang menguatkan peristiwa tersebut. Selain itu, penyidik telah memperoleh hasilvisum et repertum, keterangan saksi-saksi, serta keterangan dari tersangka. Saat ini penyidik juga berkoordinasi dengan pihak terkait untuk memberikan pendampingan terhadap korban. ""Penyidik juga akan melakukan pemeriksaan psikolog dan pekerja sosial terhadap korban serta menyita rekaman CCTV dari lokasi hotel guna melengkapi proses pembuktian,"" jelas pihak kepolisian. Atas perbuatannya, tersangka dijerat dengan Pasal 473 KUHP dan/atau Pasal 81 ayat (2) Undang-Undang Nomor 17 Tahun 2016 tentang Perlindungan Anak. Polres Metro Bekasi menegaskan komitmennya dalam memberikan perlindungan kepada anak serta menindak tegas setiap bentuk kekerasan maupun kejahatan seksual terhadap anak. ""Masyarakat juga diimbau untuk berperan aktif melaporkan apabila mengetahui adanya tindak pidana serupa agar dapat segera ditindaklanjuti oleh aparat penegak hukum,"" imbaunya. Lihat juga Video: Tega, Kakak di Banyuasin Perkosa Adik Ipar Sampai Melahirkan Bayi [Gambas:Video 20detik]"
https://news.detik.com/berita/d-8384463/duduk-perkara-transaksi-semu-saham-bebs-bikin-kantor-mirae-asset-digeledah;Duduk Perkara Transaksi Semu Saham BEBS Bikin Kantor Mirae Asset Digeledah;Rabu, 04 Mar 2026 20:59 WIB;"Otoritas Jasa Keungan (OJK) sedang menyelidiki kasus dugaan tindak pidana pasar modal terkait harga saham PT Berkah Beton Sadaya Tbk. (BEBS). OJK didampingi Koordinator Pengawas Penyidik Pegawai Negeri Sipil (Korwas PPNS)Bareskrim Polrimenggeledah kantor PT Mirae Asset Sekuritas Indonesia (MASI) di kawasan Senayan, Jakarta. Penggeledahan dilakukan Rabu (4/3) siang hingga sekitar pukul 15.00 WIB. Belasan penyidik OJK terlihat membawa Sejumlah boks berisi barang bukti dari hasil penggeledahan. Setelahnya, Direktur Eksekutif Penyidik Sektor Jasa Keuangan OJK, Irjen Daniel Bolly Hyronimus menjelaskan, penggeledahan dilakukan terkait perkara berkaitan dengan manipulasi saat penawaran saham perdana (initial public offering/IPO). SCROLL TO CONTINUE WITH CONTENT Misalnya, tidak dilaporkannya pihak afiliasi penerima jatah pasti dalam IPO serta laporan penggunaan dana penawaran umum yang tidak sesuai fakta. Selain itu, penyidik OJK menemukan indikasi transaksi semu yang melibatkan tujuh entitas perusahaan dan 58 entitas perorangan nominee. Dugaan tindak pidana tersebut terjadi dalam kurun waktu 2020 hingga 2022. ""Artinya membeli saham berdasarkan informasi dari orang dalam. Ini dalam pasar modal tidak boleh. Kemudian melakukan perdagangan semu, ini pun tidak boleh, harus fairness,"" kata Daniel kepada wartawan usai penggeledahan di kawasan Senayan, Jakarta, Rabu (4/3/2026). Daniel mengatakan OJK telah menetapkan dua orang sebagai tersangka dalam perkara itu. Kedua tersangka ialah ASS selaku beneficial owner PT BEBS dan MWK selaku mantan Direktur Investment Banking PT MASI (Mirae Asset Sekuritas Indonesia). ""Tersangka yang sudah kita lakukan pemeriksaan dan statusnya kita naikkan itu ada dua, yaitu Saudara ASS dan Saudara MWK. Sekarang dalam proses penyelesaian kasusnya,"" lanjut dia. ASS dan MWK diduga melanggar Pasal 104 juncto Pasal 90 subsidair Pasal 107 Undang-Undang Nomor 8 Tahun 1995 tentang Pasar Modal. Adapun, rangkaian transaksi ini dieksekusi oleh enam orang operator di bawah kendali tersangka, yang menyebabkan harga saham PT Berkah Beton Sadaya Tbk. (BEBS) melonjak signifikan hingga 7.150% di pasar reguler. Selain itu, OJK menetapkan PT Mirae Asset sebagai tersangka korporasi. Perkara ini dilakukan dengan praktik insider trading, manipulasi proses IPO (penawaran umum perdana), dan transaksi semu dalam kurun 2020-2022. ""Tersangka yang sudah kita lakukan pemeriksaan dan statusnya kita naikkan itu ada dua, yaitu Saudara AS dan Saudara M. Sekarang dalam proses penyelesaian kasusnya. Sedangkan kasus korporasinya masih berjalan,"" katanya. Daniel menyebut total nilai transaksi yang terindikasi dalam perkara ini mencapai sekitar Rp 14,5 triliun. Nilai tersebut berasal dari sekitar 2 miliar lembar saham yang telah dibekukan (freeze) oleh penyidik. Saham-saham tersebut memiliki harga sekitar Rp 7.000 per lembar. ""Nilainya total semua Rp 14,5 T, itu dari saham-saham yang kami freeze, itu sekitar ada 2 miliar lembar saham dengan harga saham sekitar Rp 7.000 sekian. Sementara tidak boleh dilakukan perdagangan,"" terangnya. Langkah pembekuan ini dilakukan untuk mencegah perpindahan aset serta menjaga stabilitas dan integritas pasar modal selama proses hukum berlangsung. Dalam kasus ini, lanjut Daniel, tim penyidik melakukan pengembangan terhadap korporasinya. Sedangkan tersangka individu, saat ini sudah dalam proses pelimpahan bersama barang bukti ke Kejaksaan (P-21). ""Pasal-pasal yang kita terapkan terhadap para tersangka adalah pasal sesuai diatur dalam Undang-Undang Nomor 8 Tahun 1995 tentang Pasar Modal. Melakukan perdagangan semu dan perdagangan orang dalam,"" pungkas Daniel. Simak juga Video 'IHSG Ambruk Karena Perang Iran-Amerika, Sampai Kapan?': [Gambas:Video 20detik]"
https://news.detik.com/berita/d-8391025/9-terdakwa-kasus-korupsi-minyak-mentah-kompak-ajukan-banding;9 Terdakwa Kasus Korupsi Minyak Mentah Kompak Ajukan Banding;Senin, 09 Mar 2026 11:00 WIB;"Sebanyak sembilan terdakwa kasus korupsi tata kelola minyak mentah telah divonis 9-15 tahun penjara. Mereka kompak mengajukan banding atas vonis tersebut. ""Semua terdakwa sembilan banding,"" ujar juru bicara PN Jakarta Pusat, Andi Saputra, kepada wartawan, Senin (9/3/2026). Pengajuan banding didaftarkan sejak Rabu (4/3) hingga Kamis (5/3). Berikut vonis 9 terdakwa tersebut: SCROLL TO CONTINUE WITH CONTENT 1. Riva Siahaan (RS) selaku eks Direktur Utama PT Pertamina Patra Niaga, divonis 9 tahun penjara, denda Rp 1 miliar subsider 190 hari pidana kurungan. 2. Sani Dinar Saifuddin (SDS) selaku eks Direktur Feedstock dan Product Optimization PT Kilang Pertamina Internasional, divonis 9 tahun penjara, denda Rp 1 miliar subsider 190 hari kurungan. 3. Maya Kusmaya (MK) selaku eks Direktur Pemasaran Pusat dan Niaga PT Pertamina Patra Niaga, divonis 9 tahun penjara, denda Rp 1 miliar subsider 190 hari kurungan. 4. Edward Corne (EC) selaku eks VP Trading Operations PT Pertamina Patra Niaga, divonis 10 tahun penjara, denda Rp 1 miliar subsider 190 hari kurungan. 5. Yoki Firnandi (YF) selaku eks Direktur Utama PT Pertamina International Shipping, divonis 9 tahun penjara, denda Rp 1 miliar subsider 190 hari kurungan. 6. Agus Purwono (AP) selaku eks VP Feedstock Management PT Kilang Pertamina Internasional, divonis 10 tahun penjara dan denda Rp 1 miliar subsider 190 hari kurungan. 7. Muhamad Kerry Adrianto Riza (MKAR) selaku beneficial owner PT Navigator Khatulistiwa, divonis 15 tahun penjara, denda Rp 1 miliar subsider 190 hari pidana kurungan, serta uang pengganti Rp 2.905.420.003.854 (2,9 triliun) subsider 5 tahun pidana kurungan. 8. Dimas Werhaspati (DW) selaku Komisaris PT Navigator Khatulistiwa sekaligus Komisaris PT Jenggala Maritim, divonis 13 tahun penjara, denda Rp 1 miliar subsider 190 hari kurungan. 9. Gading Ramadhan Joedo (GRJ) selaku Komisaris PT Jenggala Maritim dan Direktur Utama PT Orbit Terminal Merak, divonis 13 tahun penjara, denda Rp 1 miliar subsider 190 hari kurungan. Tonton juga video ""Negara Rugi Rp 9 T di Kasus Korupsi Minyak Mentah, Kerugian Perekonomian Rp 171 T Asumsi"" [Gambas:Video 20detik]"
https://news.detik.com/berita/d-8384559/penampakan-gepokan-duit-bakal-disetor-ke-tersangka-bupati-pekalongan-fadia;Penampakan Gepokan Duit Bakal Disetor ke Tersangka Bupati Pekalongan Fadia;Rabu, 04 Mar 2026 22:17 WIB;"KPK menetapkanBupati Pekalongan, Fadia Arafiq, sebagai tersangka korupsi usai terjaring dalam operasi tangkap tangan (OTT).KPKmenampilkan penampakan uang yang akan diberikan kepada Fadia oleh stafnya. Dalam konferensi pers di gedung KPK, Kuningan, Jakarta Selatan, Rabu (4/3/2026), ditampilkan saat uang tersebut diambil oleh staf Fadia. KPK menjelaskan saat penarikan uang oleh stafnya, selalu didokumentasikan dan dilaporkan. ""Di mana saat melakukan penarikan tunai itu staf selalu melaporkan dan mendokumentasikan jadi ini dokumentasi yang dilakukan staf saat menarik uang di mana uang tunai ini selanjutnya diberikan kepada bupati,"" kata jubir KPK Budi Prasetyo. SCROLL TO CONTINUE WITH CONTENT Terlihat uang tersebut dalam dua pecahan yaitu Rp 50 dan Rp 100 ribu. Uang itu dalam beberapa gepokan dan diikat dengan karet. Selain itu KPK juga menampilkan mobil yang disita dari sejumlah pihak di rumah dinas Bupati Pekalongan hingga Cibubur. Rinciannya: Wuling Air EV, Mitsubishi Xpander, Toyota Camry, Toyota Fortuner, dan Toyota Vellfire. ""Tim mengamankan sejumlah kendaraan bermotor roda empat,"" sebutnya. Dalam kasus ini, KPK menyebut anak dan suami Fadia mendirikan perusahaan bernama PT Raja Nusantara Berjaya (RNB). Fadia diduga menjadi penerima manfaat atau beneficial ownership (BO) dari perusahaan tersebut. Perusahaan itu juga berisi tim sukses Fadia. Dirinya meminta perangkat daerah memenangkan perusahaan tersebut. KPK menyebut PT RNB mendapat proyek outsourcing di 17 perangkat daerah, tiga rumah sakit daerah dan satu kecamatan pada 2025. Dia dijerat pasal 12 huruf i dan Pasal 12 B Undang-Undang Pemberantasan Tindak Pidana Korupsi juncto Pasal 127 ayat (1) Undang-Undang Nomor 1 Tahun 2023 tentang KUHP. Simak Video 'Bupati Pekalongan Fadia Arafiq Kena OTT KPK Saat Ngecas Mobil Listrik': [Gambas:Video 20detik]"
https://news.detik.com/berita/d-8384703/dalih-pedangdut-bupati-fadia-usai-kena-ott-tak-mempan-bagi-kpk;Dalih Pedangdut Bupati Fadia Usai Kena OTT Tak Mempan bagi KPK;Kamis, 05 Mar 2026 03:41 WIB;"KPK menetapkanBupati Pekalongan Fadia Arafiq (FAR)sebagai tersangka kasus dugaan korupsi karena ikut dalam proyek pengadaan di Pemkab Pekalongan. KPK mengungkap Fadia berdalih tak memahami aturan karena dirinya dulu seorang pedangdut. Adapun dalam kasus ini, KPK menduga Fadia merupakan penerima manfaat atau beneficial owner dari PT Raja Nusantara Berjaya (RNB) yang banyak mendapatkan proyek pengadaan jasa outsourcing di Pemkab Pekalongan. KPK menyebut perusahaan itu didirikan oleh suami dan anak Fadia. SCROLL TO CONTINUE WITH CONTENT KPK menyebut PT RNB mendapat proyek outsourcing di 17 perangkat daerah, tiga rumah sakit daerah dan satu kecamatan pada 2025. Asep mengatakan PT RNB mendapat Rp 46 miliar dari kontrak dengan Pemkab Pekalongan sepanjang 2023-2026. Berikut rinciannya: - Bupati Pekalongan Fadia Arafiq sebesar Rp 5,5 miliar;- Suami Fadia, Ashraff, sebesar Rp 1,1 miliar;- Direktur PT RNB Rul Bayatun sebesar Rp 2,3 miliar;- Anak Fadia, Sabiq sebesar Rp 4,6 miliar;- Anak Fadia, Mehnaz Na sebesar Rp 2,5 miliar;- Serta dilakukan penarikan tunai sebesar Rp 3 miliar. Meski demikian, nama-nama lain sejauh ini masih berstatus sebagai saksi. KPK baru menetapkan Fadia sebagai tersangka. Dia dijerat Pasal 12 huruf i dan Pasal 12 B Undang-Undang Pemberantasan Tindak Pidana Korupsi juncto Pasal 127 ayat (1) Undang-Undang Nomor 1 Tahun 2023 tentang KUHP. Fadia mengungkit latar belakangnya sebagai musisi dangdut. Hal ini yang menjadi alasannya tak memahami birokrasi. ""Dalam pemeriksaan intensif yang dilakukan, FAR menerangkan bahwa dirinya berlatar belakang sebagai musisi, dia bukan seorang birokrat. Ini yang disampaikan saudari FAR dengan demikian saudari FAR tidak memahami hukum dan tata kelola pemerintahan daerah,"" kata Deputi Penindakan dan Eksekusi KPK, Asep Guntur Rahayu, dalam konferensi pers di Gedung KPK, Jalan Kuningan Persada, Jakarta Selatan, Rabu (4/3). Asep mengatakan Fadia juga berdalih urusan birokrasi diserahkan ke Sekda Pekalongan. Dia menyebut Fadia mengaku lebih banyak mengurusi seremonial. ""FAR mengaku urusan teknis birokrasi diserahkan kepada sekretaris daerah (Sekda), sementara dirinya lebih banyak menjalankan fungsi seremonial di lingkungan Kabupaten Pekalongan,"" ucapnya. Namun, kata Asep, keterangan Fadia itu justru bertentangan dengan situasi sebenarnya. Dia mengatakan Fadia bukan orang yang baru menjabat bupati. ""FAR adalah seorang bupati atau penyelenggara negara selama dua periode serta satu kali menjabat sebagai Wakil Bupati periode 2011-2016. Sehingga sudah semestinya, FAR memahami pelaksanaan prinsip-prinsip good governance pada pemerintah daerah,"" ujarnya. Sebagai informasi, Fadia pernah menjabat Wabup Pekalongan pada 2011-2016. Dia kemudian menjadi Bupati Pekalongan pada 2021. Fadia kembali terpilih dalam Pilkada 2024 dan dilantik sebagai Bupati Pekalongan periode 2025-2030. Fadia disebut telah diingatkan soal konflik kepentingan dalam pengadaan. Hal ini disampaikan oleh Sekretaris Daerah dan pihak lain. ""Sekretaris Daerah dan sejumlah pihak lainnya menerangkan bahwa telah berulang kali mengingatkan Bupati mengenai potensi adanya konflik kepentingan dalam pengadaan tersebut,"" kata Asep. Asep mengatakan Fadia tidak menggubris peringatan dari bawahannya. Dia tetap ngotot menjadikan perusahaan keluarganya untuk menjalankan proyek pengadaan di Pemkab Pekalongan. ""Meski demikian, praktik itu tetap saja dilakukan oleh Bupati,"" sebutnya. Adapun setelah setahun Fadia menjabat, anak dan suaminya mendirikan perusahaan bernama PT Raja Nusantara Berjaya (RNB). Fadia menjadi penerima manfaat atau beneficial ownership (BO) dari perusahaan tersebut. Perusahaan itu juga berisi tim sukses Fadia. Dia meminta perangkat daerah memenangkan perusahaan tersebut."
https://news.detik.com/berita/d-8381651/kpk-ott-bupati-pekalongan-fadia-arafiq-di-semarang;KPK OTT Bupati Pekalongan Fadia Arafiq di Semarang;Selasa, 03 Mar 2026 13:27 WIB;"KPK mengungkap lokasi penangkapanBupati PekalonganFadia Arafiq bersama orang kepercayaan dan ajudannya saat operasi tangkap tangan (OTT).KPKmenyebutkan mereka ditangkap di Semarang. ""Para pihak diamankan di wilayah Semarang,"" terang jubir KPK, Budi Prasetyo, kepada wartawan di gedung Merah Putih KPK, Kuningan, Jakarta Selatan, Selasa (3/3/2026). Budi menjelaskan, ketiganya ditangkap pada Selasa (3/3) dini hari. Mereka langsung dibawa ke Jakarta untuk diperiksa di gedung Merah Putih KPK. SCROLL TO CONTINUE WITH CONTENT ""Pada pagi hari ini ketiga pihak dimaksud langsung dibawa ke Jakarta untuk dilakukan pemeriksaan lebih lanjut,"" tutur Budi. KPK mengatakan Fadia ditangkap bersama dua pihak lainnya, yakni orang kepercayaan dan ajudan. ""Tim mengamankan sejumlah tiga orang, salah satunya adalah Bupati Pekalongan dan dua pihak lainnya yang merupakan orang kepercayaan dan juga ajudan dari Bupati,"" kata Budi. KPK memiliki waktu 1x24 jam untuk menentukan status hukum para pihak yang terjaring OTT. Saat ini, para pihak yang terjaring OTT masih berstatus sebagai terperiksa. Waketum Partai Golkar Ahmad Doli Kurnia prihatin lantaran Fadia Arafiq terjerat operasi tangkap tangan KPK. Golkar meminta seluruh kepala daerah mengambil pelajaran dari rentetan kasus OTT yang belakangan terjadi. ""Tentu kami sangat prihatin dengan kejadian tersebut. Seharusnya setelah rentetan beberapa kali banyaknya kepala daerah yang terkena OTT dalam beberapa bulan terakhir ini, para kepala daerah itu dapat mengambil pelajaran, harus lebih berhati-hati dan tidak lagi mengambil kebijakan yang berpotensi melanggar hukum,"" kata Doli kepada wartawan, Selasa (3/3). Doli menyesalkan Fadia Arafiq sebagai kader Golkar terjerat OTT tersebut. Doli mengatakan Golkar selalu mengingatkan kader untuk berhati-hati dan memegang amanah rakyat dengan baik. ""Apalagi Bupati Pekalongan adalah kader dan pimpinan Partai Golkar, tentu kami sangat kecewa. Karena dalam berbagai kesempatan, kami juga selalu mengingatkan kepada seluruh jajaran partai, baik yang ada di legislatif dan eksekutif, terutama di daerah harus berhati-hati. Fokus jalankan amanah rakyat dengan baik dan selenggarakan pemerintahan yang bersih,"" ucapnya. Lihat juga Video Cik Cik Bum Bum: Fadia Arafiq Dari Panggung Dangdut ke Panggung KPK [Gambas:Video 20detik]"
https://news.detik.com/internasional/d-8390806/iran-tembakkan-rudal-pertama-ke-israel-usai-mojtaba-terpilih-jadi-pemimpin;Iran Tembakkan Rudal Pertama ke Israel Usai Mojtaba Terpilih Jadi Pemimpin;Senin, 09 Mar 2026 08:36 WIB;"Iranmenembakkan rudal pertamanya ke arah Israel setelah pengangkatan pemimpin tertinggi baru Iran,Ayatollah Mojtaba Khamenei. Rudal langsung menyasar ke arah wilayah pendudukan. Dilansir kantor berita AFP, Senin (9/3/2026), stasiun televisi pemerintah IRIB mengatakan Iran meluncurkan rudal gelombang pertama ke Israel setelah penunjukkan putra Ali Khamenei itu. Belum dirincikan kota yang menjadi sasaran rudal kali ini. ""Iran meluncurkan gelombang pertama rudal di bawah kepemimpinan Ayatollah Seyyed Mojtaba Khamenei ke arah wilayah pendudukan,"" kata IRIB di saluran Telegramnya. SCROLL TO CONTINUE WITH CONTENT Akun telegram tersebut mengunggah gambar sebuah proyektil yang bertuliskan slogan ""At Your Command, Sayyid Mojtaba,"". Diketahui, Majelis Pakar telah resmi mengangkat Ayatollah Seyyed Mojtaba Khamenei sebagai pemimpin tertinggi Iran yang baru. Nama Mojtaba sebelumnya sempat disebut-sebut menjadi calon terkuat untuk menggantikan Ali Khamenei. Sementara, Israel menegaskan terus memantau pengganti rezim Ali Khamenei. Menteri Pertahanan (Menhan) Israel, Israel Katz, mengatakan bahwa militer negaranya akan membunuh setiap pemimpin Iran yang ditunjuk untuk menggantikan mendiang Ali Khamenei. ""Setiap pemimpin yang ditunjuk oleh rezim Iran untuk terus memimpin rencana menghancurkan Israel, mengancam AS dan dunia bebas dan negara-negara di kawasan ini, dan menindas rakyat Iran, akan menjadi target yang jelas untuk dieliminasi,"" tegas Katz dalam pernyataannya, seperti dilansir Al Jazeera, Rabu (4/3). ""Tidak peduli siapa namanya atau di mana dia bersembunyi,"" cetusnya. Tonton juga video ""Teheran Bersorak, Warga Sambut Mojtaba Khamenei Jadi Pemimpin Baru"" [Gambas:Video 20detik]"
https://news.detik.com/berita/d-8384303/produsen-kosmetik-ilegal-di-cirebon-ditindak-pemilik-terancam-12-tahun-bui;Produsen Kosmetik Ilegal di Cirebon Ditindak, Pemilik Terancam 12 Tahun Bui;Rabu, 04 Mar 2026 18:53 WIB;"Direktorat Tindak Pidana Narkoba (Dittipidnarkoba) Bareskrim Polri membongkar praktik produksi dan distribusikosmetik ilegalbermerek LC Beauty di Cirebon, Jawa Barat (Jabar). ML (35), pemilik home industry kosmetik tanpa izin edar dan mengandung bahan berbahaya telah ditetapkan sebagai tersangka. Dirtipidnarkoba Bareskrim PolriBrigjen Eko Hadi Santoso menjelaskan pengungkapan ini bermula dari hasil analisa dan pembelian terselubung yang dilakukan penyidik pada Januari 2026 terhadap produk LC Beauty. Penyidik kemudian melakukan uji laboratorium terhadap produk jenis day cream, night cream, dan toner. ""(Dari hasil uji laboratoris diketahui bahwa kosmetik tersebut) Positif mengandung bahan berbahaya jenis merkuri dan hidroquinone,"" kata Brigjen Eko melalui keterangannya, Rabu (4/5/2026). SCROLL TO CONTINUE WITH CONTENT Berdasarkan informasi dari reseller yang diperiksa, kosmetik ilegal itu didapat dari seorang berinisial RA yang berada di Kota Depok, Jawa Barat. Tim langsung bergerak ke mencari RA. ""Kamis, 26 Februari, tim (melihat) RA dan AP yang sedang menurunkan beberapa kardus untuk dikirim melalui KAI Logistik dan ditemukan produk-produk kosmetik tanpa izin edar BPOM merk LC Beauty,"" jelas Eko. RA mengaku kosmetik tersebut diperolehnya dari seorang berinisial ML yang berada di Cirebon. Setibanya Cirebon, tim mengetahui bahwa lokasi produksi ilegal tersebut berada di daerah Harjamukti, Cirebon. Setelah rangkaian penyelidikan, pada Jumat, 27 Februari 2026 sekitar pukul 17.00 WIB, tim mendatangi tersangka ML yang saat itu berada bersama suaminya, JN. Selanjutnya, tim bergerak menuju lokasi produksi yang berada di sebuah rumah di Jalan Galunggung Permai, Harjamukti, Cirebon.'?.;' Sekitar pukul 18.00 WIB, tim tiba di lokasi dan melakukan penggeledahan. Dari lokasi tersebut, ditemukan berbagai barang bukti berupa bahan baku, bahan jadi, kemasan botol dan pot, alat produksi dan peracik, label kemasan, hingga perlengkapan packing. Dalam pemeriksaan awal, ML mengaku memproduksi dan mengedarkan kosmetik LC Beauty tanpa izin edar dari BPOM serta mengandung merkuri dan hidroquinone sejak 2016 hingga 2019. Dia sempat berhenti, namun kembali menjalankan produksi pada 2022 hingga saat ini. ""ML mengakui dan membenarkan bahwa ia memproduksi dan mengedarkan kosmetik merek LC Beauty yang tidak memiliki izin edar dari BPOM dan mengandung merkuri dan hidroquinone,"" terang Eko. Bahan berbahaya berupa merkuri dan hidroquinone diketahui diperoleh melalui pembelian perorangan oleh salah satu pekerja ML. Berdasarkan keterangan pekerja, bahan tersebut didapatkan dari salah satu pasar di wilayah Jakarta. Polisi kemudian menetapkan ML sebagai tersangka. Namun, terhadap ML belum dilakukan penahanan karena yang bersangkutan tengah hamil sembilan minggu dan dalam kondisi pascaoperasi. Atas perbuatannya, ML dijerat Pasal 435 Undang-Undang Republik Indonesia (UU RI)Nomor 17 Tahun 2023 tentang Kesehatan juncto Lampiran I Nomor Urut 181 UU RI Nomor 1 Tahun 2026 tentang Penyesuaian Pidana. Tersangka terancam pidana penjara paling lama 12 tahun atau denda paling banyak Rp 2 miliar. Penyidik juga akan memeriksa ahli pidana dan ahli dari BPOM serta membuka kemungkinan penerapan tindak pidana pencucian uang (TPPU) setelah penyidikan tindak pidana asal rampung. Bareskrim akan menelusuri reseller lain yang mengedarkan produk LC Beauty untuk dilakukan penyitaan guna mencegah peredaran kosmetik mengandung bahan berbahaya di masyarakat. Simak juga Video 'Bos Kosmetik Berbahaya Mira Hayati Divonis 2 Tahun Penjara': [Gambas:Video 20detik]"
https://news.detik.com/berita/d-8382824/tian-bahtiar-divonis-bebas-di-kasus-perintangan-penyidikan-3-perkara-korupsi;Tian Bahtiar Divonis Bebas di Kasus Perintangan Penyidikan 3 Perkara Korupsi;Selasa, 03 Mar 2026 23:48 WIB;"Tian Bahtiardivonis bebas di kasus perintangan penyidikan tiga perkara korupsi. Hakim membebaskan Tian dari dakwaan kasus tersebut. ""Mengadili, menyatakan Terdakwa Tian Bahtiar tersebut di atas, tidak terbukti secara sah dan meyakinkan bersalah melakukan tindak pidana sebagaimana didakwakan dalam dakwaan tunggal,"" ujar ketua majelis hakim Efendi saat membacakan amar putusan Tian Bahtiar di Pengadilan Tipikor Jakarta Pusat, Selasa (3/3/2026). ""Membebaskan Terdakwa oleh karena itu dari dakwaan Penuntut Umum,"" imbuh hakim. SCROLL TO CONTINUE WITH CONTENT Hakim memerintahkan Tian dibebaskan dari tahanan setelah putusan ini diucapkan. Hakim juga memerintahkan pemulihan hak serta kedudukan dan martabat Tian. ""Memerintahkan Terdakwa dibebaskan dari tahanan seketika setelah putusan ini diucapkan. Memulihkan hak-hak Terdakwa dalam kemampuan, kedudukan, harkat serta martabatnya,"" ujar hakim Sebagai informasi, Tian merupakan Direktur JakTV saat kasus ini bergulir. Hakim menyatakan tuntutan hukum terhadap Pers terkait karya jurnalistiknya tidak serta merta dapat langsung diproses hukum baik secara pidana atau perdata. Hal itu sesuai dengan putusan Mahkamah Konstitusi. ""Menimbang bahwa Mahkamah Konstitusi dalam putusan Nomor 145/PUU-XXIII/2025 telah menegaskan bahwa tindakan hukum terhadap wartawan dalam menjalankan tugas jurnalistiknya wajib mengedepankan mekanisme dan prinsip-prinsip perlindungan terhadap pers. Termasuk berkenaan dengan gugatan, laporan, dan tuntutan hukum terhadap pers yang berkaitan dengan karya jurnalistiknya, serta tidak serta-merta dapat langsung diproses melalui tuntutan hukum pidana dan atau perdata,"" tutur hakim. Hakim menyatakan apa yang dilakukan Tian hanya perimbangan berita dan semata tugas jurnalistik. Hakim berpendapat penilaian pemberitaan negatif atau positif sebuah karya jurnalistik merupakan ranah organisasi pers terkait kode etik jurnalistik. ""Menimbang bahwa pemberitaan negatif adalah persoalan perspektif atau sudut pandang, bukan kebenaran yang bisa diukur oleh kacamata pidana, vide Pasal 21 Undang-Undang Pemberantasan Tindak Pidana Korupsi,"" ujar hakim. ""Sehingga lebih tepat yang dapat menilai apakah sebuah pemberitaan itu negatif atau positif adalah kelompok akademik, kelompok masyarakat, atau kelompok profesi yang memiliki konsentrasi dalam dunia jurnalistik, bukan Majelis Hakim perkaraa quo,"" imbuh hakim. Hakim menyatakan tidak ditemukan niat jahat dari Tian dalam pembuatan karya jurnalistiknya yang didakwakan dalam perkara ini. Hakim menyatakan dakwaan perintangan penyidikan dalam Pasal 21 UU Tipikor juncto Pasal 20 huruf c UU Nomor 1 Tahun 2023 tentang KUHP tidak terpenuhi atas perbuatan Tian. ""Menimbang bahwa dari rangkaian fakta hukum yang terungkap di persidangan dikaitkan dengan pertimbangan hukum yang telah dikemukakan di atas, maka majelis hakim ternyata tidak menemukan niat jahat atau sifat melawan hukum dari perbuatan yang dilakukan oleh terdakwa Tian Bahtiar sebagaimana yang didakwakan,"" ujar hakim Dalam perkara ini, Tian Bahtiar sebelumnya dituntut jaksa penuntut umum (JPU) dengan pidana 8 tahun penjara, denda Rp 600 juta subsider pidana kurungan selama 150 hari."
https://news.detik.com/berita/d-8385902/eks-anak-buah-nadiem-pernah-kasih-hp-ke-eks-dirjen-hp-nya-buram-saat-zoom;Eks Anak Buah Nadiem Pernah Kasih HP ke Eks Dirjen: HP-nya Buram Saat Zoom;Kamis, 05 Mar 2026 16:56 WIB;"Direktur Sekolah Dasar Direktorat Jenderal Pendidikan Anak Usia Dini, Pendidikan Dasar dan Pendidikan Menengah tahun 2020-2021, Sri Wahyuningsih, mengaku pernah memberikanhandphone(HP) ke eks Dirjen Paudasmen Kemedibudristek, Jumeri. Sri mengatakan tak ada janji apa pun saat memberikan HP tersebut. Hal itu disampaikan Sri Wahyuningsih saat dihadirkan jaksa sebagai saksi di Pengadilan Tipikor Jakarta, Kamis (5/3/2026). Terdakwa dalam sidang ialah eks MendikbudristekNadiem Anwar Makarim. Mulanya, Sri mengaku pernah memberikan uang sebesar Rp 50 juta ke Jumeri. Sri mengatakan uang itu dari beberapa kegiatan dan ada bukti kuitansinya. SCROLL TO CONTINUE WITH CONTENT ""Ibu pernah memberikan uang ke Pak Jumeri?"" tanya jaksa. ""Betul saya pernah memberikan uang, boleh saya jawab lanjutan Pak. Saya pernah memberikan uang total sejumlah Rp 50 juta kepada Pak Jumeri dan pada saat Pak Jumeri menjadi saksi kami, saya sudah mengonfirmasi bahwa itu ada kuitansi-kuitansi dan Pak Jumeri juga mengakui bahwa itu uang dari beberapa kegiatan-kegiatan dan waktu itu sudah sempat saya contohkan kuitansinya,"" jawab Sri. Sri mengaku sudah ingin menunjukkan kuitansi itu di persidangan dalam sidang sebelumnya. Namun, dia mengatakan saat itu majelis meminta bukti kwitansi itu disampaikan dalam pleidoi. ""Mohon izin Yang Mulia, waktu itu Yang Mulia bilang sampaikan saja nanti di pleidoi. Jadi itu uang dari, betul-betul dari beberapa undangan-undangan ke beliau, arahan-arahan beliau dan itu kuitansinya ada,"" ujar Sri. Sri kemudian mengakui pernah memberikan HP ke Jumeri. Dia mengaku inisiatif memberikan HP tersebut. ""Kasih HP juga?"" tanya jaksa. ""Iya, saya kasih HP karena memang terkait HP itu ceritanya karena kebetulan Pak Jumeri itu seringnge-Zoomdengan kami berkali-kali, bisa malam, bisa siang dan kadang suka dadakan,"" jawab Sri. Sri mengatakan HP yang digunakan Jumeri buram saat digunakan untuk zoom meeting. Dia mengaku memberikan HP ke Jumeri karena empati dengan kesulitan yang dialami Jumeri saat Zoom. ""Dan kadang-kadang beliau suka cerita di beberapa Zoom itu, sekarang eranyange-Zoom,kadang-kadang di mobil jugange-Zoomdan nggak keliatan HP-nya kecil, buram, saya inisiatif aja karena saya punya HP ya saya kasih aja. Itu tidak ada janji apa-apa, hanya betul-betul empati karena beliau kesulitannge-Zoomdi kendaraan. Beliau sering wira-wiri antara Semarang-Jakarta,"" ujar Sri. Sebagai informasi, Sri Wahyuningsih juga menjadi terdakwa dalam perkara ini. Sri diadili dalam berkas perkara terpisah. Dalam perkara ini, Nadiem didakwa melakukan korupsi terkait pengadaan laptop Chromebook saat menjabat Mendikbudristek. Proyek itu disebut menyebabkan kerugian negara Rp 2,1 triliun. Nadiem telah mengajukan eksepsi. Hakim menolak eksepsi tersebut dan meminta sidang dilanjutkan ke tahap pembuktian. Simak juga Video 'Petinggi Sebut GOTO Belum Untung di Sidang Nadiem, Jaksa: Catat Ya, Rugi!': [Gambas:Video 20detik]"
https://news.detik.com/berita/d-8382604/2-pengacara-penyuap-hakim-kasus-minyak-goreng-divonis-14-dan-16-tahun-penjara;2 Pengacara Penyuap Hakim Kasus Minyak Goreng Divonis 14 dan 16 Tahun Penjara;Selasa, 03 Mar 2026 20:47 WIB;"Pengacara Marcella Santoso dan Ariyanto Bakri divonis 14 dan 16 tahun penjara. Hakim menyatakan Marcella dan Ariyanto terbukti bersalah dalam kasus suap vonis lepas perkara minyak goreng (migor) dan tindak pidana pencucian uang (TPPU). Sidang vonis digelar di Pengadilan Tipikor Jakarta Pusat, Selasa (3/3/2026). Hakim menghukum Marcella dengan pidana 14 tahun penjara, sementara Ariyanto dihukum dengan pidana penjara selama 16 tahun. ""Mengadili, menyatakan Terdakwa tersebut di atas, terbukti secara sah dan meyakinkan bersalah melakukan tindak pidana memberi suap secara bersama-sama sebagaimana dalam dakwaan kesatu alternatif pertama, dan melakukan tindak pidana pencucian uang sebagaimana dalam dakwaan kedua alternatif pertama,"" ujar Ketua Majelis Hakim Efendi saat membacakan amar putusan. SCROLL TO CONTINUE WITH CONTENT Hakim juga menghukum Marcella dan Ariyanto dengan denda masing-masing Rp 600 juta subsider 150 hari pidana kurungan. Selain itu, Marcella dan Ariyanto juga dihukum membayar uang pengganti masing-masing sebesar Rp 16.250.000.000 (16,2 miliar) subsider 6 tahun pidana kurungan. ""Dalam hal terpidana tidak mempunyai harta benda yang mencukupi untuk membayar uang pengganti maka dipidana dengan penjara selama 6 tahun,"" kata hakim. Hakim menyatakan total suap untuk pengurusan vonis lepas perkara migor sebesar USD 4 juta atau setara Rp 60 miliar dengan kurs saat suap diberikan. Hakim mengatakan Marcella dan Ariyanto mengambil serta menikmati USD 2 juta yang merupakan bagian dari uang suap tersebut untuk kepentingan pribadi. Sementara itu, sisa uang USD 2 juta diberikan ke majelis hakim Djuyamto, Agam Syarief Baharuddin dan Ali Muhtarom, untuk menjatuhkan vonis lepas kepada terdakwa korporasi Wilmar Group, Musim Mas Group dan Permata Hijau Group. Djuyamto, Agam dan Ali telah dinyatakan bersalah dan dijatuhi hukuman dalam berkas perkara terpisah. Dalam putusan ini, Hakim tidak sependapat dengan tuntutan jaksa penuntut umum (JPU) terkait pencabutan izin advokat Marcella dan Ariyanto. Hakim menyatakan pencabutan izin advokat merupakan kewenangan organisasi advokat, bukan kewenangan pengadilan. Pertimbangan memberatkan vonis Marcella dan Ariyanto ialah perbuatan keduanya tidak mendukung komitmen negara dalam pemberantasan tindak pidana korupsi khususnya di lembaga yudikatif. Perbuatan terdakwa dinilai telah mencederai kepercayaan masyarakat, khususnya terhadap institusi negara hukum, tidak hanya di Indonesia tapi di mata dunia. Hakim berpendapat perbuatan terdakwa juga telah merusak nama baik advokat karena menyalahgunakan profesinya yang seharusnya menjunjung tinggi hukum, kebenaran, dan keadilan. Lalu, terdakwa telah menikmati hasil kejahatan dan mencuci uang hasil kejahatan. Selain itu, pertimbangan memberatkan vonis lainnya yaitu perbuatan terdakwa merupakan bentuk pengkhianatan terhadap amanah reformasi '98, yaitu pemberantasan korupsi, kolusi, dan nepotisme di segala lini. Hakim mengatakan hanya ada satu pertimbangan meringankan vonis Marcella dan Ariyanto. ""Keadaan yang meringankan, terdakwa belum pernah dihukum,"" ujar hakim. Hakim menyatakan Marcella dan Ariyanto bersalah melanggar Pasal 6 ayat 1 huruf a juncto Pasal 18 UU Tipikor juncto Pasal 55 ayat 1 ke-1 KUHP dan Pasal 3 UU No 8 Tahun 2010 tentang Pencegahan dan Pemberantasan Tindak Pidana Pencucian Uang. Sebelumnya, Marcella Santoso dan Ariyanto Bakri masing-masing dituntut 17 tahun penjara, denda Rp 600 juta subsider pidana kurungan selama 150 hari, serta uang pengganti Rp 21.602.138.412 (21,6 miliar) subsider 8 tahun kurungan. Simak juga Video 'Anak Riza Chalid Divonis 15 Tahun Penjara di Kasus Minyak Mentah': [Gambas:Video 20detik]"
https://news.detik.com/berita/d-8391859/auditor-bpk-ungkap-perusahaan-as-ogah-diperiksa-terkait-kasus-lng;Auditor BPK Ungkap Perusahaan AS Ogah Diperiksa Terkait Kasus LNG;Senin, 09 Mar 2026 16:22 WIB;"Majelis hakim mendalami metode perhitungan kerugian negara dalam kasus dugaankorupsipengadaan gas alam cair atauliquefied natural gas(LNG). Auditor BPK yang menjadi saksi, Aurora Magdalena dan Arlin Gunawan Siregar, mengungkap perusahaan Amerika Serikat (AS), Corpus Christi Liquefaction LLC (CCL), ogah diperiksa saat BPK melakukan perhitungan kerugian negara. Hal itu diungkap Aurora Magdalena dan Arlin Gunawan Siregar saat dihadirkan sebagai saksi oleh jaksa dalam sidang kasus dugaan korupsi LNG di Pengadilan Tipikor Jakarta Pusat, Senin (9/3/2026). Terdakwa dalam sidang ialah eks Direktur Gas PT Pertamina, Hari Karyuliarto, dan eks VP Strategic Planning Business Development Direktorat Gas Pertamina, Yenni Andayani. Awalnya, Arlin mengatakan pihaknya hanya meminta keterangan ke Corpus Christi melaluie-mail.Arlin mengatakan penyidik tidak bisa menghadirkan pihak Corpus Christi ke Indonesia. SCROLL TO CONTINUE WITH CONTENT ""Jadi begini, metode yang saudara gunakan ada yang begitu nggak? Misalnya ada tadi dari Corpus Christi Saudara panggil? Atau Saudara hanyaby documentataue-mail?"" tanya ketua majelis hakim Suwandi. ""Jadi kami bersurat artian pernah, Yang Mulia, meminta. Tetapi, memang faktanya sampai dengan berakhir pemeriksaan tidak pernah bisa dihadirkan oleh penyidik Corpus Christi itu ke Indonesia,"" jawab Arlin. ""Jadi hanya melaluie-mailtadi?"" tanya hakim. ""Ya benar,"" jawab Arlin. Aurora kemudian menambahkan jawaban atas pertanyaan tersebut. Aurora mengatakan permintaan keterangan ke Corpus Christi dilakukan melalui KPK lewat Pertamina. ""Kami pernah meminta konfirmasi kepada Corpus Christi tapi tidak langsung dari surat kami melainkan melalui permintaan dari KPK, mengirimkan surat kepada Pertamina, meminta penjelasan mengenai harga, formula harga Corpus Christi,"" kata Aurora. ""Ada suratnya dari KPK kepada Pertamina meminta penjelasan mengenai harga, kemudian dari Pertamina mengirimkan surat kepada Corpus Christi dan dibalas oleh Corpus Christi bahwa harga tersebut sama dengan seluruh harga yang diberikan kepada kontrak pembeli lainnya,"" imbuh Aurora. Aurora mengatakan BPK melakukan konfirmasi terkait formula harga. Dia mengatakan Corpus Christi hanya bersedia menjawab pertanyaan dari Pertamina selaku kliennya dan tak mau menjawab pertanyaan pihak lain, termasuk BPK maupun KPK. ""Jadi kami mengkonfirmasi mengenai formula harga dan kita tidak bisa langsung ya, karena kan beda, kalau Corpus Christi hanya menganggap Pertamina sebagai kliennya. Jadi dia tidak akan memberikan keterangan kepada pihak lain kecuali kepada Pertamina,"" ujar Aurora. Aurora mengatakan BPK bersama KPK mengirim surat permintaan penjelasan ke Pertamina. Kemudian, pihak Pertamina yang menyampaikan pertanyaan tersebut ke Corpus Christi. Aurora mengatakan BPK dan KPK juga pernah datang ke kilang Corpus Christi di Texas, AS. Dia mengatakan Corpus Christi meladeni tanya jawab, namun tak bisa mau dalam berita acara (BA) permintaan keterangan. ""Ada ke sana tim KPK dengan BPK ke Austin, Texas, ke kilang Corpus Christi dan memang kebijakan saat itu mereka tidak mau menjawab pertanyaan dari BPK. Mereka hanya mau menjawab pertanyaan dari Pertamina. Jadi prosedurnya yang dilakukan adalah KPK ketika itu menitip pertanyaan kepada Pertamina, dan Pertamina menyampaikan pertanyaannya,"" kata Aurora. ""Kami juga boleh bertanya langsung pada saat diskusi dengan Corpus Christi tapi nggak bisa di BAP, tidak bisa dituangkan dalam BA permintaan keterangan, hanya diskusi. Kemudian hasil dari kunjungan tersebut ialah yang dituangkan oleh KPK mewawancarai pihak Pertamina,"" imbuhnya. Dakwaan Sebelumnya, Jaksa penuntut umum pada KPK mendakwa dua terdakwa baru kasus korupsi LNG atau gas alam cair merugikan negara USD 113 juta. Kedua terdakwa itu ialah Hari Karyuliarto dan Yenni Andayani. Sidang dakwaan digelar di Pengadilan Tipikor Jakarta Pusat, Selasa (23/12/2025). Keduanya didakwa melakukan perbuatan tersebut bersama mantan Dirut Pertamina Galaila Karen Kardinah atau Karen Agustiawan, yang sudah lebih dulu divonis bersalah dalam kasus ini. ""Melakukan perbuatan memperkaya diri sendiri atau orang lain atau suatu korporasi, yaitu memperkaya Galaila Karen Kardinah alias Karen Agustiawan sebesar Rp 1.091.280.281 (Rp 1 miliar) dan USD 104.016 serta memperkaya korporasi Corpus Christi Liquefaction LLC sebesar USD 113.839.186 (USD 113 juta),"" ujar jaksa."
https://news.detik.com/berita/d-8381584/golkar-kecewa-bupati-pekalongan-kena-ott-kpk-siap-beri-bantuan-hukum;Golkar Kecewa Bupati Pekalongan Kena OTT KPK, Siap Beri Bantuan Hukum;Selasa, 03 Mar 2026 13:07 WIB;"Waketum PartaiGolkar, Ahmad Doli Kurnia, prihatinBupati PekalonganFadia Arafiq terjerat operasi tangkap tangan (OTT) KPK. Golkar meminta seluruh kepala daerah mengambil pelajaran dari rentetan kasus OTT yang belakangan terjadi. ""Tentu kami sangat prihatin dengan kejadian tersebut. Seharusnya setelah rentetan beberapa kali banyaknya kepala daerah yang terkena OTT dalam beberapa bulan terakhir ini, para kepala daerah itu dapat mengambil pelajaran, harus lebih berhati-hati dan tidak lagi mengambil kebijakan yang berpotensi melanggar hukum,"" kata Doli kepada wartawan, Selasa (3/3/2026). Doli menyesalkan Fadia Arafiq sebagai kader Golkar terjerat OTT tersebut. Doli mengatakan Golkar selalu mengingatkan kader untuk berhati-hati dan memegang amanah rakyat dengan baik. SCROLL TO CONTINUE WITH CONTENT ""Apalagi Bupati Pekalongan adalah kader dan pimpinan Partai Golkar, tentu kami sangat kecewa. Karena dalam berbagai kesempatan, kami juga selalu mengingatkan kepada seluruh jajaran partai, baik yang ada di legislatif dan eksekutif, terutama di daerah harus berhati-hati. fokus jalankan amanah rakyat dengan baik dan selenggarakan pemerintahan yang bersih,"" ucapnya. Wakil Ketua Baleg DPR itu menghormati proses hukum yang berjalan di KPK. Doli menyebut, jika Fadia Arafiq membutuhkan bantuan hukum dari Golkar, pihaknya akan memfasilitasi. ""Sekarang kami serahkan sepenuhnya kepada mekanisme hukum yang berlaku. Kami hormati setiap proses hukum yang akan berjalan,"" ujar Doli. ""Selama yang bersangkutan merasa perlu, seperti biasanya kami pun akan menyiapkan pendampingan hukum,"" tambahnya. Hal serupa juga disampaikan oleh Sekjen Golkar M Sarmuji. Sarmuji mengatakan Golkar memiliki lembaga bantuan hukum jika pihak terkait membutuhkan. ""Kami memiliki lembaga bantuan hukum, siapa pun boleh meminta bantuan jika merasa perlu,"" tutur Sarmuji. Kabar OTT Fadia Arafiq dibenarkan oleh juru bicara KPK Budi Prasetyo saat dimintai konfirmasi. Budi menyebutkan salah satu yang ikut terjaring OTT adalah Bupati Pekalongan Fadia Arafiq. ""Benar, dalam kegiatan penyelidikan tertutup ini, tim mengamankan sejumlah pihak di wilayah Pekalongan, Jawa Tengah, salah satunya Bupati,"" kata Budi kepada wartawan saat diminta keterangan, Selasa (3/3). Budi mengatakan Bupati Pekalongan Fadia Arafiq pun langsung dibawa ke Jakarta untuk pemeriksaan lebih lanjut. KPK memiliki waktu 1x24 jam untuk menentukan status hukum para terduga pelaku yang terjaring OTT. ""Tim kemudian membawa ke Jakarta untuk dilakukan pemeriksaan lebih lanjut,"" jelas Budi. Lihat juga Video: Bupati Pekalongan Fadia Arafiq Terjaring OTT KPK [Gambas:Video 20detik]"
https://news.detik.com/berita/d-8391685/pemotor-yang-terjang-jalan-lagi-dicor-di-blora-jadi-tersangka;Pemotor yang Terjang Jalan Lagi Dicor di Blora Jadi Tersangka;Senin, 09 Mar 2026 15:15 WIB;"Pemuda di Blora, Jawa Tengah (Jateng), Agus Sutrisno alias Agus Palon, ditetapkan sebagai tersangka usai nekat menerobos jalanan yang baru dicor. Dia menerjang jalan di Desa Palon, Kecamatan Jepon, KabupatenBlora, dengan sepeda motor. ""Kami sudah menetapkan AG sebagai tersangka,"" kata Kasat Reskrim Polres Blora Zaenul Arifin saat ditemui di Pasar Blora, dilansirdetikJateng, Senin (9/3/2026). Aksi nekat agus menerjang coran yang masih basah meninggalkan jejak ban yang dalam. Aksi ini jadi viral di media sosial belum lama ini. SCROLL TO CONTINUE WITH CONTENT ""Yaitu kaitannya perkara pengerusakan barang berupa bangunan, pembangunan jalan Desa Palon-Turirejo-Nglobo, tepatnya di Desa Palon, Kecamatan Jepon, Kabupaten Blora,"" jelas Zaenul. Peristiwa itu terjadi pada 20 Februari 2026, sekitar pukul 13.00 WIB. Zaenul mengatakan penetapan tersangka dilakukan setelah alat bukti dan saksi terpenuhi. ""Dasar kita yaitu dari beberapa keterangan saksi, termasuk saksi ahli dan barang bukti, termasuk hasil gelar perkara,"" terang Zaenul. Meski berstatus tersangka, Agus tidak dilakukan penahanan. Agus disangkakan Pasal 521 ayat 1 dengan ancaman hukuman 2 tahun 6 bulan penjara. Laporan dilayangkan oleh pelaksana proyek Hermawan Susilo di Polres Blora, dengan bukti laporan dengan nomor, STTLP/ 67 /II/2026/Res Blora/ Jateng. Dia melaporkan dugaan tindak pidana perusakan serta menghambat pekerjaan pengecoran jalan Kabupaten yang terletak di Desa Palon, Kecamatan Jepon, Kabupaten Blora, yang terjadi pada hari Jumat (20/2). Baca selengkapnya disini. Saksikan Live DetikSore:"
https://news.detik.com/internasional/d-8391819/kata-pm-qatar-soal-serangan-iran-pengkhianatan-besar;Kata PM Qatar soal Serangan Iran: Pengkhianatan Besar;Senin, 09 Mar 2026 16:03 WIB;"Perdana Menteri (PM) QatarSheikh Mohammed bin Abdulrahman bin Jassim bin Jaber Al Thani menyebut adanya ""rasa pengkhianatan yang besar"" oleh kepemimpinanIranmenyusul serangan Republik Islam itu terhadapQatar. Hal ini disampaikannya dalam wawancara dengan Sky News, dilansirAl Jazeera, Senin (9/3/2026). ""Mungkin hanya satu jam setelah dimulainya perang, Qatar dan negara-negara Teluk lainnya langsung diserang,"" kata Sheikh Mohammed. SCROLL TO CONTINUE WITH CONTENT Dia menambahkan bahwa serangan itu terjadi meskipun ada pernyataan dari beberapa negara di kawasan itu bahwa mereka tidak akan ikut serta dalam perang melawan Iran, dan meskipun ada upaya bersama untuk menemukan solusi diplomatik. ""Kesalahan perhitungan Iran untuk menyerang negara-negara Teluk telah menghancurkan segalanya"", katanya. Dia menambahkan bahwa Qatar sepenuhnya menolak pembenaran dan dalih yang digunakan untuk eskalasi tersebut. Sheikh Mohammed juga mengatakan sangat mengejutkan bahwa Iran terus menyerang negara-negara Teluk, bahkan setelah Presiden Masoud Pezeshkian meminta maaf kepada mereka, dan mengatakan bahwa mereka tidak akan lagi menjadi sasaran selama mereka tidak menyerang Iran. Namun demikian, ia menekankan bahwa Qatar ""akan terus berbicara denganIrandan berupaya untuk meredakan ketegangan""."
https://news.detik.com/berita/d-8388489/maling-motor-ditangkap-warga-saat-beraksi-di-pasar-parung-bogor;Maling Motor Ditangkap Warga Saat Beraksi di Pasar Parung Bogor;Sabtu, 07 Mar 2026 11:08 WIB;"Pria berinisial SH (24) ditangkap warga di PasarParung, Kabupaten Bogor, karena ketahuan mencuri sepeda motor. SH ditangkap warga, tapi satu rekannya kabur. Kapolsek Parung Kompol Maman Firmansyah mengatakan peristiwa itu terjadi di Desa Waru Jaya, Parung, Kabupaten Bogor, Jawa Barat. Pada Sabtu (7/3/2026), sekitar pukul 05.00 WIB, korban bersama istrinya selesai berbelanja di Pasar Parung. Korban lalu masuk ke sebuah kedai untuk makan. ""Korban kemudian memarkirkan sepeda motor miliknya di depan, namun kunci kontak motor tersebut lupa dicabut,"" kata Maman. SCROLL TO CONTINUE WITH CONTENT Melihat kesempatan tersebut, dua pelaku yang berboncengan sepeda motor melancarkan aksinya. Salah satu pelaku berpura-pura membeli makanan untuk mengalihkan perhatian. ""Sementara pelaku lainnya mengamati situasi sekitar,"" ujarnya. Ketika kondisi dinilai aman, pelaku yang ada di dalam kedai kemudian keluar dan langsung membawa kabur sepeda motor milik korban. Sedangkan rekannya yang menunggu di luar ditangkap oleh warga. ""Warga kemudian melaporkan kejadian tersebut kepada pihak kepolisian. Mendapatkan laporan itu, piket Reskrim bersama piket patroli Polsek Parung segera mendatangi lokasi dan mengamankan pelaku beserta barang bukti untuk dibawa ke Mapolsek Parung guna proses penyelidikan lebih lanjut,"" tuturnya. Pelaku beserta barang bukti kemudian dibawa ke kantor polisi. Saat ini, Maman mengatakan penyidik masih melakukan pemeriksaan terhadap pelaku. ""Pelaku yang berhasil diamankan berinisial SH (24). Sementara satu pelaku lainnya saat ini masih dalam pencarian petugas dan telah ditetapkan sebagai daftar pencarian orang (DPO),"" ucapnya. Saat ini pelaku yang telah diamankan masih menjalani pemeriksaan lebih lanjut oleh penyidik Unit Reskrim Polsek Parung. Sementara itu, petugas juga masih melakukan pengejaran terhadap pelaku lainnya yang melarikan diri. ""Kami mengimbau masyarakat untuk selalu meningkatkan kewaspadaan dan memastikan kendaraan dalam keadaan aman saat diparkir,"" ujarnya. Lihat juga Video: Momen Maling di Medan Peluk Kaki Wanita gegara Takut Diamuk Massa [Gambas:Video 20detik]"
https://news.detik.com/berita/d-8382550/hakim-pihak-diuntungkan-dari-suap-migor-adalah-wilmar-group-di-singapura;Hakim: Pihak Diuntungkan dari Suap Migor Adalah Wilmar Group di Singapura;Selasa, 03 Mar 2026 20:15 WIB;"Hakimmembacakan vonis terhadap pengacara Marcella Santoso yang merupakan terdakwa kasus suap hakim demi vonis lepas perkara korupsi minyak goreng. Dalam pertimbangannya, hakim menyebut pihak yang diuntungkan dalam kasus ini ialah perusahaan di luar negeri. ""Pihak yang diuntungkan dari proses suap ini adalah perusahaan di luar negeri, yaitu Wilmar Group di Singapura. Sehingga, kasus ini mempunyai karakter sebagaigrand corruption, yaitu dengan ciri-ciri perusahaan yang melakukan kepentingan atas kejahatan di Indonesia tetapi mengendalikan atau dioperasikan dari luar negeri yang dapat dianggap sebagai upaya menghindari yurisdiksi hukum,"" ujar hakim anggota Andi Saputra saat membacakan vonis Marcella Santoso di Pengadilan Tipikor Jakarta Pusat, Selasa (3/3/2026). SCROLL TO CONTINUE WITH CONTENT Hakim menilai perusahaan di luar negeri itu justru mendapat keuntungan dari Indonesia. Hakim mengatakan jumlah suap USD 4 juta dalam perkara ini merupakan nilai yang besar. ""Kesalahan terdakwa sangat luar biasa besar karena telah merusak sistem hukum dengan korupsi atas perkara korupsi lebih dari Rp 10 triliun. Sehingga tidak hanya perbuatanextraordinary crimetetapi sudahsuper-global extraordinary,"" ujarnya. Hakim mengatakan kasus ini juga ikut menyebabkan skor indeks persepsi korupsi Indonesia merosot. Hakim menyinggung perusahaan yang terkait kasus ini berada di Singapura. ""Sehingga ikut menyumbang skor Indeks Persepsi Korupsi Indonesia 2025 merosot tajam menjadi dengan skor 134 di bawah Timor Leste. Meski di sisi lain terjadi anomali, ternyata Singapura menempati skor Indeks Persepsi Korupsi korupsi Indonesia lebih tertinggi di ASEAN. Padahal, pihak yang berkepentingan menyuap aparat pengadilan di Indonesia, kantor pusatnya di Singapura,"" ucap hakim. ""Menimbang bahwa atas pertimbangan di atas, sudah sepantasnya Marcella Santoso dijatuhi hukuman sebagaimana yang akan tertuang dalam putusan ini,"" sambung hakim. Sebagai informasi, Marcella Santoso didakwa memberikan suap Rp 40 miliar untuk vonis lepas perkara korupsi pengurusan izin ekspor crude palm oil (CPO) atau bahan minyak goreng. Marcella didakwa memberikan suap Rp 40 miliar ke hakim bersama tiga terdakwa lain, yakni Ariyanto, Juanedi Saibih, serta M Syafei selaku perwakilan pihak korporasi Wilmar Group, Permata Hijau Group, dan Musim Mas Group. Jaksa juga mendakwa Marcella, Ariyanto, dan M Syafei melakukan tindak pidana pencucian uang (TPPU). Berikut tuntutan terhadap para terdakwa: 1. Marcella Santoso dan Ariyanto Bakri masing-masing dituntut 17 tahun penjara, denda Rp 600 juta subsider pidana kurungan selama 150 hari, serta uang pengganti Rp 21.602.138.412 (21,6 miliar) subsider 8 tahun kurungan.2. M Syafei dituntut 15 tahun penjara, denda Rp 600 juta subsider pidana kurungan selama 150 hari, serta uang pengganti Rp 9.333.333.333 (9,3 miliar) subsider 5 tahun kurungan.3. Junaedi Saibih dituntut 9 tahun penjara, denda Rp 600 juta subsider 150 hari pidana kurungan. Simak juga Video 'Terdakwa Ariyanto Akui Suap Hakim untuk Vonis Lepas Perkara Migor': [Gambas:Video 20detik]"
https://news.detik.com/berita/d-8390770/di-balik-perintah-siaga-1-tni-imbas-konflik-timur-tengah;Di Balik Perintah Siaga 1 TNI Imbas Konflik Timur Tengah;Senin, 09 Mar 2026 08:04 WIB;"Konflik yang memanas di kawasanTimur Tengahmembuat pertahanan Indonesia harus ancang-ancang untuk memitigasi dampaknya di dalam negeri. Terbaru,Panglima TNI Jenderal Agus Subiyantomengeluarkan perintah siaga tingkat 1 kepada seluruh jajaran TNI dalam menyikapi dinamika global tersebut. Perintah Panglima itu dikeluarkan melalui surat telegram yang ditujukan kepada jajarannya. Perintah siaga tingkat 1 tersebut guna mengantisipasi perkembangan situasi dalam negeri akibat dampak konflik di kawasan Timur Tengah. TNI menyebut langkah ini ditempuh sesuai dengan tugas pokok TNI. Adapun perintah tersebut tertuang dalam Telegram Panglima TNI Nomor TR/283/2026. SCROLL TO CONTINUE WITH CONTENT Surat ini diteken Asisten Operasi Panglima TNI Letjen Bobby Rinal Makmun pada 1 Maret 2026. Terdapat tujuh perintah yang ditujukan kepada seluruh jajaran TNI. Berikut ini isinya: 1.â  â Panglima Komando Utama Operasi (Pangkotamaops) TNI diminta menyiagakan personel dan alat utama sistem persenjataan (alutsista). Selain itu, mereka juga diperintahkan melakukan patroli di objek vital strategis dan sentra perekonomian. Patroli itu meliputi bandara, pelabuhan laut maupun sungai, stasiun kereta api, terminal bus, hingga fasilitas penting seperti kantor perusahaan listrik negara. 2.â  â Komando Pertahanan Udara Nasional (Kohanudnas) diperintahkan melaksanakan deteksi dini serta pengamatan udara secara terus-menerus selama 24 jam. 3.â  â Badan Intelijen Strategis (Bais) TNI diminta menginstruksikan atase pertahanan RI di negara-negara yang terdampak konflik untuk mendata dan memetakan kondisi warga negara Indonesia (WNI). Selain itu, Bais juga diminta menyiapkan rencana evakuasi jika diperlukan. Langkah tersebut dilakukan dengan berkoordinasi bersama Kementerian Luar Negeri Republik Indonesia serta perwakilan diplomatik Indonesia di negara terkait. 4.â  â Kodam Jaya diperintahkan meningkatkan patroli di berbagai objek vital strategis serta kawasan kedutaan besar di wilayah DKI Jakarta guna menjaga situasi keamanan tetap kondusif. 5.â  â Satuan intelijen TNI diminta melakukan deteksi dini serta pencegahan terhadap potensi gangguan keamanan di objek vital strategis dan kawasan kedutaan. 6.â  â Seluruh badan pelaksana pusat (Balakpus) TNI diminta melaksanakan kesiapsiagaan di satuan masing-masing. 7.â  â Setiap perkembangan situasi yang terjadi di lapangan harus segera dilaporkan kepada Panglima TNI. Mabes TNI memberikan penjelasan atas penerbitan telegram Panglima kepada seluruh jajaran. TNI menyatakan hal itu dilakukan sesuai tugas pokok TNI melindungi bangsa Indonesia. ""Perlu saya sampaikan bahwa sesuai yang diamanatkan dalam UU TNI, salah satu tugas pokok TNI adalah melindungi segenap bangsa dan seluruh tumpah darah Indonesia dari ancaman dan gangguan terhadap keutuhan bangsa dan negara,"" jelas Kapuspen TNI Brigjen Aulia Dwi Nasrullah kepada wartawan, Minggu (8/3/2026). Aulia memastikan bahwa TNI tentu akan bertugas profesional dan selalu siap dalam kemampuannya. Dia menyebut TNI siap melakukan antisipasi atas dampak yang terjadi dari perang Amerika Serikat-Israel dan Iran. ""TNI bertugas secara profesional dan responsif, yang diwujudkan dengan senantiasa memelihara kemampuan dan kekuatan agar selalu siap operasional, serta siap siaga mengantisipasi perkembangan di lingkungan strategis internasional, regional, maupun nasional,"" katanya. ""Dengan demikian TNI harus memiliki kesiapsiagaan operasional yang tinggi, salah satunya adalah dengan melaksanakan Apel pengecekan kesiapan secara rutin,"" tambahnya. Tonton juga video ""Menlu Sugiono Bicara Pengiriman TNI ke Gaza: Awal Penempatan di Rafah"" [Gambas:Video 20detik]"
https://news.detik.com/internasional/d-8390858/profil-mojtaba-putra-khamenei-yang-jadi-pemimpin-tertinggi-baru-iran;Profil Mojtaba, Putra Khamenei yang Jadi Pemimpin Tertinggi Baru Iran;Senin, 09 Mar 2026 09:17 WIB;"Ayatollah Seyyed Mojtaba Hosseini Khamenei, putra kedua mendiangAyatollah Ali Khamenei, dipilih oleh Majelis PakarIransebagai pemimpin tertinggi yang baru untuk negara tersebut, menggantikan ayahnya yang tewas akibat serangan Amerika Serikat (AS) dan Israel. Seperti apa sosok Mojtaba? Majelis Pakar Iran yang beranggotakan 88 ulama senior telah memilih Mojtaba, seorang ulama berusia 56 tahun, sebagai penerus mendiang ayahnya. Hal ini menandakan bahwa kelompok garis keras masih memegang kendali penuh atas Iran setelah Khamenei wafat sepekan lalu. Salah satu anggota Majelis Pakar Iran, Mohsen Heidari Alekasir, mengatakan dalam sebuah video pada Minggu (8/3) bahwa seorang kandidat telah dipilih berdasarkan arahan mendiang Khamenei bahwa pemimpin tertinggi Iran haruslah ""dibenci oleh musuh"". SCROLL TO CONTINUE WITH CONTENT ""Bahkan Setan Besar telah menyebut namanya,"" ucap Alekasir dalam pernyataan yang disampaikan beberapa hari setelah Presiden AS Donald Trump menyebut Mojtaba merupakan pilihan yang ""tidak dapat diterima"" baginya. Mojtaba mengumpulkan kekuasaan di bawah ayahnya sebagai tokoh senior yang dekat dengan pasukan keamanan Iran dan kerajaan bisnis besar yang mereka kendalikan. Dia menentang para reformis yang berupaya menjalin hubungan dengan Barat, dalam upaya mereka untuk mengekang program nuklir Irna. Hubungan dekatnya dengan Garda Revolusi Iran (IRGC), memberikan pengaruh tambahan kepada Mojtaba di seluruh aparatur politik dan keamanan Iran. Menurut sumber yang memahami latar belakangnya, Mojtaba juga telah membangun pengaruh di balik layar sebagai ""penjaga gerbang"" ayahnya. Pemimpin tertinggi Iran memegang hak untuk mengambil keputusan akhir dalam urusan negara, termasuk kebijakan luar negeri dan program nuklir Iran. Kekuatan Barat ingin mencegah Teheran mengembangkan senjata nuklir, dengan Iran berulang kali mengatakan program nuklirnya hanya untuk tujuan sipil. Mojtaba dapat menghadapi perlawan warga Iran yang menunjukkan kesiapan untuk melakukan unjuk rasa massal guna menekan tuntutan mereka akan kebebasan yang lebih besar, meskipun terjadi penindakan brutal oleh otoritas keamanan Teheran. Mojtaba lahir tahun 1969 di kota suci Mashhad dan tumbuh besar saat ayahnya membantu memimpin perlawanan oposisi terhadap Shah. Sebagai seorang pemuda, dia pernah bertugas bersama militer Iran dalam perang Iran-Irak silam. Dia belajar di bawah bimbingan kaum konservatif agama di Qom, pusat pembelajaran ajaran Syiah, dan memiliki gelar Hoojjatoleslam. Dia tidak pernah memegang posisi formal dalam pemerintahan Iran, namun pernah muncul dalam aksi-aksi loyalis meskipun jarang berbicara di depan umum. Di sisi lain, peran Mojtaba telah sejak lama menjadi kontroversi di Iran, dengan para pengkritik menolak segala bentuk politik dinasti di negara yang menggulingkan monarki yang didukung AS pada tahun 1979 silam. Para pengkritik menilai Mojtaba tidak memiliki kualifikasi keagamaan yang cukup untuk menjadi pemimpin tertinggi Iran. Gelar Hojjatoleslam yang dipegangnya berada satu tingkat di bawah pangkat Ayatollah, posisi yang dipegang oleh mendiang ayahnya dan mendiang Ruhollah Khomenei, pendiri Republik Islam Iran. Namun terlepas dari kritikan itu, Mojtaba tetap menjadi kandidat utama untuk pemimpin tertinggi Iran, setelah kandidat terkemuka lainnya, termasuk mantan Presiden Ebrahim Raisi tewas dalam kecelakaan helikopter tahun 2024. Departemen Keuangan AS menjatuhkan sanksi kepada Mojtaba tahun 2019 lalu, dengan menyatakan bahwa dia mewakili pemimpin tertinggi dalam ""kapasitas resmi meskipun tidak pernah terpilih atau diangkat ke posisi pemerintahan"" selain bekerja di kantor ayahnya. Dalam situsnya disebutkan bahwa mendiang Khamenei sebelumnya telah mendelegasikan sebagian tanggung jawabnya kepada Mojtaba, yang dikatakan telah bekerja sama erat dengan komandan pasukan Quds IRGC dan Basij, milisi keagamaan yang berafiliasi dengan IRGC. Tonton juga video ""Mojtaba Khamenei Terpilih sebagai Pemimpin Tertinggi Iran yang Baru"" [Gambas:Video 20detik]"
https://news.detik.com/berita/d-8387285/penjelasan-polsek-mampang-soal-kasus-nabilah-obrien-owner-resto-di-kemang;Penjelasan Polsek Mampang soal Kasus Nabilah O'brien Owner Resto di Kemang;Jumat, 06 Mar 2026 14:25 WIB;"Polisi menjelaskan soal Nabilah O'brien, pemilik restoran di Kemang, Mampang Prapatan, Jakarta Selatan (Jaksel), jadi tersangka. Nabilah sebelumnya melaporkan pasutri yang diduga mencuri makanan di restonya. Awalnya, Nabilah melaporkan pasutri terduga pencuri itu kePolsek Mampang Prapatan. Kemudian, Nabilah dilaporkan balik oleh pasutri tersebut terkait penyebaran rekaman CCTV di restonya. ""Terkait peristiwa di Restoran Bibi Kelinci, dapat kami sampaikan bahwa terdapat dua perkara berbeda yang dilaporkan pada kantor kepolisian yang berbeda,"" demikian keterangan Polsek Mampang Prapatan, Jumat (6/3/2026). SCROLL TO CONTINUE WITH CONTENT Pada perkara pertama, Nabilah melaporkan pasutri berinisial ZK dan ESR terkait dugaan tindak pidana pencurian sebagaimana diatur di Pasal 363 KUHP. Kasus itu dilaporkan ke Polsek Mampang Prapatan pada akhir September 2025. Pasutri yang diduga mencuri makanan di resto Nabilah itu telah ditetapkan sebagai tersangka. Polsek Mampang Prapatan akan memeriksa keduanya pekan depan. ""Terhadap kedua Terlapor, telah ditetapkan sebagai tersangka dan dijadwalkan untuk pemeriksaan pada Senin, 9 Maret 2026. Namun kuasa hukumnya telah mengirimkan surat permohonan penundaan pemeriksaan,"" katanya. Sementara itu, pasutri ZK dan ESR melaporkan Nabilah ke Dittipidsiber Bareskrim Polri. Nabilah dilaporkan karena unggahan video saat ZK dan ESR berada di resto ketika terjadi peristiwa dugaan pencurian makanan. ""Perkara kedua adalah terkait unggahan rekaman CCTV ke media sosial yang ditangani Dittipidsiber Bareskrim Polri, di mana dalam perkara tersebut, Saudari NAA di posisi sebagai terlapor,"" katanya. Polsek Mampang menjelaskan, dalam kasus ini, terjadi dua perkara yang berbeda dengan objek perkara yang berbeda dan penanganan di kantor kepolisian yang berbeda. Aksi dugaan pencurian itu terekam kamera CCTV dan videonya viral di media sosial (medsos). Pihak korban memutuskan melapor polisi karena pasutri tidak merespons somasi yang dikirimkan. ""Kita sudah kirimkan somasi yang 'deadline'-nya seharusnya hari ini permintaan kita dipenuhi. Tapi ternyata tidak ada respons atas somasi yang kita berikan,"" kata kuasa hukum pemilik restoran, Eishen Simatupang, Jumat (26/9/2025). Dia menjelaskan peristiwa dugaan pencurian ini bermula saat pasutri tersebut datang ke restoran dan memesan 11 makanan dan tiga minuman senilai total Rp 530.150. Dalam proses pembuatan pesanan, pasutri itu menerobos dapur restoran atas alasan pesanan yang lama datang. Mereka datang ke dapur untuk mengambil makanan yang dipesan. ""Jadi komplain kepada karyawan kami dengan semua dinamikanya,"" katanya. Setelah diberi pesanan makanan, pasutri itu pergi meninggalkan restoran tanpa membayar makanan dan minuman yang telah dipesan. Dalam video, terlihat karyawan restoran sempat mengejar pasutri itu. Pasutri tersebut dilaporkan dengan dugaan pelanggaran Pasal 363 KUHP tentang pencurian. [Gambas:Video 20detik]"
https://news.detik.com/berita/d-8386173/pria-mojokerto-cabuli-anak-tiri-dari-sd-remaja-terbongkar-usai-dipergoki-istri;Pria Mojokerto Cabuli Anak Tiri dari SD-Remaja, Terbongkar Usai Dipergoki Istri;Kamis, 05 Mar 2026 19:34 WIB;"Seorang pria berinisial EM (53) ditangkap Satreskrim PolresMojokertoKota karena mencabuli dan menyetubuhi anak tirinya. Aksi bejat itu dilakukan berulang kali sejak korban duduk di kelas 3 sekolah dasar (SD). ""Tersangka (EM) kami tangkap di Magetan, kami lakukan penahanan sejak 4 Maret 2026,"" kata Kasat Reskrim Polres Mojokerto Kota AKP Mangara Panjaitan, dilansirdetikJatim, Kamis (5/3/2026). Perbuatan bejat EM bertahun-tahun mencabuli dan menyetubuhi putri tirinya terbongkar pada Rabu (4/2) sekitar pukul 23.30 WIB. Aksinya terungkap usai ibu kandung korban, RJ (51) memergoki pelaku sedang mencabuli putrinya di dapur. SCROLL TO CONTINUE WITH CONTENT ""Saat itu, korban diminta secara paksa oleh pelaku untuk melayaninya berhubungan layaknya suami istri,"" kata Mangara. Berdasarkan penyelidikan, korban mengaku berulang kali dicabuli ayah tirinya sejak kelas 3 SD atau usia 10 tahun. Begitu korban menginjak usia 17 tahun, pelaku kembali melakukan aksi bejatnya itu. ""Persetubuhan tersebut lebih dari 5 kali dalam kurun waktu 1 bulan. Kemudian persetubuhan berlanjut tersebut hingga korban masuk jenjang kuliah,"" tandasnya. EM saat ini sudah ditetapkan sebagai tersangka dan ditahan. Dia dijerat dengan Pasal 6c UU Nomor 12 Tahun 2022 tentang Tindak Pidana Kekerasan Seksual (TPKS), Pasal 473 ayat (1), ayat (2) huruf b, ayat (3) huruf c dan ayat (9), serta Pasal 418 ayat (1) UU Nomor 1 Tahun 2023 tentang KUHP. Baca berita selengkapnyadi sini. Lihat juga Video 'Cabuli Siswi SD, Kepala SPPG di Lampung Timur Ditangkap Polisi: [Gambas:Video 20detik]"
https://news.detik.com/berita/d-8388308/jejak-jejak-wanita-pura-pura-melayat-untuk-curi-duit-takziah;Jejak-jejak Wanita Pura-pura Melayat untuk Curi Duit Takziah;Sabtu, 07 Mar 2026 07:36 WIB;"Wanita yang didugamencuri uang takziahdi daerah Kramat Jati, Jakarta Timur (Jaktim), masih dicari polisi. Sosoknya sudah teridentifikasi, jejaknya ada di sana-sini. Polisi masih menyelidiki kasus ini. Titik terang kasus sudah terlihat. Sosok wanita yang diduga mencuri 'uang duka' itu terekam kamera CCTV sekitar lokasi. Sketsa wajah wanita tersebut dibuat dalam rangka penyelidikan kasus. SCROLL TO CONTINUE WITH CONTENT ""Belum maksimal, baru dicek menggunakan sketsa wajah. Masih penyelidikan,"" kata Kanit ReskrimPolsek Kramat JatiAKP Fadoli, Jumat (6/3/2026). Sketsa wajah wanita itu dibuat berdasarkan keterangan saksi-saksi dan rekaman CCTV di sekitar tempat kejadian perkara (TKP) di Jalan Dukuh IV, Kampung Dukuh, Kramat Jati, Jaktim. Saat ini, pelaku diduga telah melarikan diri usai videonya ramai beredar di media sosial (medsos). Polisi juga sudah mendapatkan jejak rumah terduga pelaku. ""Hanya diduga cuma alamatnya di Palembang,"" katanya. Uang takziah yang dikumpulkan di rumah duka kandas diambil pelaku. Namun belum diketahui total kerugian korban. ""Karena sumbangan warga yang ada di amplop, belum sempat dibuka dan dihitung oleh keluarga jadi tidak ketahuan jumlahnya,"" kata Fadoli. Polisi juga sudah melihat jejak-jejak kasus pencurian uang takziah ini. Diduga wanita itu telah melakukan aksi pencurian serupa sebanyak 3 kali. ""Iya betul sama seperti dua kejadian sebelumnya,"" kata dia. Polisi mengungkap wanita itu sudah tiga kali menjalankan aksinya di wilayah berbeda. Tiga kasus pencurian itu dilakukan dengan modus berpura-pura melayat. ""Betul, memang kasus dan pelakunya sama,"" ucapnya. Dalam ketiga peristiwa tersebut, pelaku diduga menyasar rumah duka dan memanfaatkan situasi berkabung dalam melancarkan aksinya. Berdasarkan penyelidikan sementara, pelaku datang ke rumah duka dengan berpura-pura mengenal keluarga almarhum. Dia kemudian berbaur dengan para pelayat lain agar tidak menimbulkan kecurigaan. Saat kondisi lengah, pelaku diduga mengambil uang sumbangan takziah yang dikumpulkan dari para tamu. Dua aksi sebelumnya terjadi di Jalan Damai, kawasan Lubang Buaya, pada 22 Desember 2025 dan di Jalan Bambu Kuning, Bambu Apus, pada 4 Februari 2026. Kasus pencurian duit takziah terakhir menimpa keluarga Nyai Hasanah (45). Peristiwa itu terjadi pada Senin (2/3) sekitar pukul 12.30 WIB di rumah duka di Jalan Dukuh IV, Kampung Dukuh, Kramat Jati, Jaktim. ""Iya pelakunya perempuan,ngakunyamau melayat, kenal sama kita, tahu-tahunya uang takziah ludes, hilang nggak tersisa,"" kata Hasanah saat ditemui di lokasi kejadian. Mertua Hasanah meninggal dunia sekitar pukul 04.00 WIB. Sementara, pelaku tiba sekitar pukul 08.00 WIB saat suasana rumah masih lengang dan pelayat belum ramai berdatangan. Pelaku bertahan hingga menjelang waktu pemakaman. Selama berada di rumah duka, dia hanya duduk dan sesekali memperhatikan situasi sekitar. Kepada keluarga korban, perempuan itu mengaku sebagai teman kakak ipar korban dan menyebut dirinya sebagai 'teman perjuangan' saat mengambil bantuan sosial seperti sembako dan KJP. Hasanah tak menaruh curiga karena menduga pelaku mengenal keluarganya. Wanita itu lalu mencuri uang takziah setelah beralasan menumpang ke toilet. Keluarga baru menyadari kehilangan sekitar pukul 12.30 WIB. Warga sempat mengejar, namun pelaku sudah keburu kabur. Video wanita tersebut viral di media sosial (medsos). Dalam rekaman CCTV, terlihat pelaku lari ke luar usai melancarkan aksinya. Lihat juga Video: Heboh Wanita di Deli Serdang Curi Uang Duka Korban Kecelakaan Kereta [Gambas:Video 20detik]"
https://news.detik.com/berita/d-8391662/gentlewoman-thailand-menang-sengketa-merek-di-pn-jakpus;Gentlewoman Thailand Menang Sengketa Merek di PN Jakpus;Senin, 09 Mar 2026 15:09 WIB;"Perusahaan Thailand,GentlewomanCo Ltd, menang gugatan di Pengadilan Negeri Jakarta Pusat terkait sengketa merek. PN Jakpus mengabulkan sebagian gugatan Gentlewoman terhadap Wifina Lauw soal penggunaan merek 'Gentlewoman'. Dilihat dari situs SIPP PN Jakpus, Senin (9/3/2026), gugatan itu terdaftar di PN Jakpus dengan nomor perkara 107/Pdt.Sus-HKI/Merek/2025/PN Niaga Jkt.Pst. Penggugat dalam perkara ini ialah Gentlewoman Co Ltd dan tergugatnya ialah Wifina Lauw. Berikut ini amar putusannya: SCROLL TO CONTINUE WITH CONTENT Dalam Konvensi: Dalam Eksepsi: Menolak Eksepsi dari Tergugat untuk seluruhnya Dalam Pokok Perkara: 1. Mengabulkan gugatan Penggugat untuk sebagian;2. Menyatakan Merek Gentlewoman milik Penggugat adalah merek terkenal;3. Menyatakan Merek Gentlewoman dengan nomor pendaftaran IDM001135036 tanggal 30 Oktober 2023 di kelas 18, nomor pendaftaran IDM001137448 tanggal 8 November 2023 di kelas 25, dan nomor IDM001315527 tanggal 24 Maret 2025 di kelas 35 seluruhnya terdaftar atas nama Tergugat mempunyai persamaan pada pokok dan keseluruhannya dengan Merek Gentlewoman milik Penggugat/Gentlewoman Co., Ltd.;4. Menyatakan Merek Gentlewoman dengan nomor pendaftaran IDM001135036 tanggal 30 Oktober 2023 di kelas 18, nomor pendaftaran IDM001137448 tanggal 8 November 2023 di kelas 25, dan nomor IDM001315527 tanggal 24 Maret 2025 di kelas 35 seluruhnya terdaftar atas nama Tergugat mempunyai persamaan pada pokok dan keseluruhannya dengan nama badan hukum Penggugat, Gentlewoman Co., Ltd.;5. Menyatakan merek Gentlewoman dengan nomor pendaftaran IDM001135036 tanggal 30 Oktober 2023 di kelas 18, nomor pendaftaran IDM001137448 tanggal 8 November 2023 di kelas 25, dan nomor IDM001315527 tanggal 24 Maret 2025 di kelas 35 seluruhnya terdaftar atas nama Tergugat, didaftarkan dengan iktikad tidak baik;6. Menyatakan batal menurut hukum pendaftaran merek Gentlewoman dengan nomor pendaftaran IDM001135036 tanggal 30 Oktober 2023 di kelas 18, nomor pendaftaran IDM001137448 tanggal 8 November 2023 di kelas 25, dan nomor IDM001315527 tanggal 24 Maret 2025 di kelas 35 seluruhnya terdaftar atas nama Tergugat sejak tanggal putusan diterbitkan;7. Memerintahkan kepada Turut Tergugat (Menteri Hukum Republik Indonesia cq. Direktorat Jenderal Kekayaan Intelektual cq. Direktorat Merek dan Indikasi Geografis) untuk membatalkan pendaftaran merek Gentlewoman dengan nomor pendaftaran IDM001135036 tanggal 30 Oktober 2023 di kelas 18, nomor pendaftaran IDM001137448 tanggal 8 November 2023 di kelas 25, dan nomor IDM001315527 tanggal 24 Maret 2025 di kelas 35 yang seluruhnya terdaftar atas nama Tergugat, sejak tanggal putusan diterbitkan;8. Menolak gugatan Penggugat untuk selain dan selebihnya;9. Memerintahkan kepada Tergugat dan Turut Tergugat untuk tunduk, mematuhi dan melaksanakan seluruh isi putusan ini; Dalam Rekonvensi: Menolak gugatan Penggugat Rekonvensi untuk seluruhnya; Dalam Konvensi dan Rekonvensi: Menghukum Tergugat Konvensi/Penggugat Rekonvensi membayar biaya perkara Rp 446.000 Sebagai informasi, terdapat sejumlah merek Gentlewoman dalam Pangkalan Data Kekayaan Intelektual Kemenkum. Gentlewoman Co Ltd yang merupakan perusahaan asal Thailand sendiri mendaftarkan beberapa jenis merek Gentlewoman di sejumlah kelas berbeda. Merek itu terdaftar untuk barang berupa aksesoris rambut, kacamata, parfum, baju, tas, hingga dompet. Logo yang terdaftar untuk barang-barang milik Gentlewoman Co Ltd itu berupa tulisan 'GENTLEWOMAN'. Selain itu, ada merek Gentlewoman berlogo huruf G disertai bingkai, tulisan 'GENTLEWOMAN' dan tulisan 'FLAWLESS BEAUTY' serta merek Gentlewoman dengan logo tas bertuliskan 'GW' dan 'GENTLEWOMAN' yang terdapat di PDKI. Pemilik merek tersebut ialah Wifina Lauw. Dalam gugatannya, Gentlewoman Co Ltd meminta hakim PN Jakpus untuk menyatakan merek Gentlewoman miliknya adalah merek terkenal. Penggugat juga meminta hakim membatalkan pendaftaran seluruh merek Gentlewoman milik Wifina Lauw."
https://news.detik.com/berita/d-8382305/pura-pura-nolong-jambret-di-jakbar-tadinya-mau-nyuri-tas-nenek-pingsan;Pura-pura Nolong, Jambret di Jakbar Tadinya Mau Nyuri Tas Nenek Pingsan;Selasa, 03 Mar 2026 17:21 WIB;"Seorang pria berinisial BAS (28) mencoba menjambret nenek berinisial LSJ (70) di wilayah Jelambar, Jakarta Barat (Jakbar). BAS berpura-pura menolong korban yang tersungkur pingsan. Aksi percobaanpenjambretanini terjadi pada Senin (2/3) siang dan videonya viral di media sosial (medsos). Dalam video, terlihat korban tengah berjalan seorang diri. Pelaku yang mengenakan motor dan jaket ojekonline(ojol) mendekati korban. Saat dalam jangkauan tangan, BAS langsung menarik tas hingga menyebabkan korban terbanting ke tanah dan pingsan. SCROLL TO CONTINUE WITH CONTENT ""Kemudian dia didekati oleh pelaku yang menggunakan sepeda motor, kemudian tas milik korban ditarik paksa oleh pelaku tapi tidak berhasil. Jadi percobaan pencurian dengan kekerasan, korban terjatuh hingga kepalanya terbentur. Iya, korban pingsan,"" kata Kanit ReskrimPolsek Grogol PetamburanAKP Alexander Tengbunan saat dihubungi, Selasa (3/3/2026). BAS sempat lanjut tancap gas setelah gagal merampas tas korban. Namun, 5 menit kemudian dia kembali datang ke tempat kejadian perkara (TKP) penjambretan di sebuah perumahan dekat GKI Jelambar Baru. BAS mengganti helm yang dipakainya. Awalnya dia hendak kembali merampas tas korban. Tapi karena suasana ramai, BAS berpura-pura menolong korban. ""Pelaku ini diduga mengganti helm dan kembali ke tempat tersebut. Berpura-pura ingin menolong, tapi diduga karena sudah banyak masyarakat yang melihat dia nggak jadingambiltasnya,"" ujarnya. Polisi menyelidiki kasus dengan memeriksa rekaman CCTV sekitar lokasi hingga mencari keterangan saksi-saksi hingga akhirnya menangkap BAS. Pria tersebut lantas dibawa ke Polsek Grogol Petamburan untuk diproses hukum. Kepada polisi, BAS mengaku kasihan kepada korban yang tersungkur pingsan. Namun polisi menduga pelaku mulanya hendak membawa tas korban yang gagal dirampas, tapi berujung berpura-pura menolong saat masyarakat sudah ramai di lokasi. ""Alasannya dia, dia kasihan. Tapi kita melihat unsur percobaan pencurian sudah masuk makanya kita sudah tahan dia. Tapi diduga karena banyak masyarakat di situ dia mau ambil tas nggak jadi, takut dimassa, makanya pura-pura mau menolong,"" jelasnya. Lihat juga Video '3 Jambret Tewaskan Wanita di Bali Ternyata Residivis, Saling Kenal dari Lapas': [Gambas:Video 20detik]"
https://news.detik.com/berita/d-8382827/junaedi-saibih-bersyukur-divonis-bebas-di-kasus-suap-rintangi-penyidikan;Junaedi Saibih Bersyukur Divonis Bebas di Kasus Suap-Rintangi Penyidikan;Selasa, 03 Mar 2026 23:52 WIB;"PengacaraJunaedi Saibihdivonis bebas di kasus suap vonis lepas perkara minyak goreng (migor) dan perintangan penyidikan tiga perkara korupsi. Junaedi mengapresiasi putusan tersebut. ""Saya sangat apresiasi apa yang disampaikan oleh Majelis Hakim, terutama terkait memang fakta-fakta persidangan tidak menunjukkan ke semua dan kalau dilihat dari tadi Pasal 21 mempertimbangkan tentang apa yang putusan Mahkamah Konstitusi itu sudah sangat baik sekali, dan itu menunjukkan bahwa Majelis Hakim memperhatikan perkembangan hukum yang baru,"" ujar Junaedi usai sidang vonis di Pengadilan Tipikor Jakarta Pusat, Selasa (3/3/2026). SCROLL TO CONTINUE WITH CONTENT Junaedi menyampaikan rasa terima kasihnya ke hakim. Pengunjung sidang menyambut vonis bebas itu dengan tepuk tangan. ""Itu kita apresiasi apa yang dilakukan oleh majelis Hakim pada hari ini. Saya berterima kasih untuk semuanya,"" ujar Juanedi. Junaedi bebas dari dakwaan Pasal 21 UU Tipikor juncto Pasal 20 huruf c UU Nomor 1 Tahun 2023 tentang KUHP. Hakim juga membebaskan Junaedi dari dakwaan kasus suap vonis lepas perkara migor dalam Pasal 6 ayat 1 huruf a atau Pasal 5 ayat 1 huruf a atau Pasal 13 juncto Pasal 18 UU Tipikor juncto Pasal 55 ayat 1 ke-1 KUHP. Dalam perkara suap, Junaedi Saibih dituntut 9 tahun penjara. Jaksa Penuntut Umum (JPU) juga menuntut Junaedi membayar denda Rp 600 juta subsider 150 hari pidana kurungan. Junaedi juga diadili dalam kasus merintangi penyidikan. Dalam kasus tersebut, Junaedi Saibih dituntut 10 tahun penjara, denda Rp 600 juta subsider pidana kurungan selama 150 hari."
https://news.detik.com/berita/d-8385215/bos-dell-heran-disebut-diperkaya-rp-112-m-di-kasus-chromebook-riilnya-rugi;Bos Dell Heran Disebut Diperkaya Rp 112 M di Kasus Chromebook: Riilnya Rugi;Kamis, 05 Mar 2026 12:18 WIB;"Alexander Vidi Firdaus selaku Direktur PT Dell Indonesia (Dell) mengaku tak tahu soal hitungan diperkaya Rp 112 miliar dalam pengadaan laptop Chromebook dan Chrome Device Management (CDM). Alex mengaku malah mengalami kerugian. Hal itu disampaikan Alex saat dihadirkan jaksa sebagai saksi di Pengadilan Tipikor Jakarta, Kamis (5/3/2026). Duduk sebagai terdakwa ialah mantan Mendikbudristek Nadiem Anwar Makarim. ""Jadi kalau sayakaliinsemua secara matematik, proyek ini secara marginnya minus Pak,"" ujar Alex. SCROLL TO CONTINUE WITH CONTENT Dalam surat dakwaan, PT Dell disebut telah diperkaya sebesar Rp 112.684.732.796,22 (Rp 112 miliar) sebagai salah satu vendor pelaksana proyek pengadaan Chromebook. Namun Alex mengaku tak tahu soal hitungan Rp 112 miliar tersebut. ""Tapi di dakwaan bapak diperkaya Rp 112 miliar ini,"" ujar pengacara Nadiem. ""Nah, itu saya nggak tahu hitungan dari mana, soalnya waktu di BPKP udah semuanya diambil dokumennya. Sebelum dipanggil oleh Kejagung dan BPKP tim mereka sudah datang ke kantor untuk ambil dokumen semua,"" jawab Alex. Alex mengatakan dia juga sudah diperiksa oleh Badan Pengawasan Keuangan dan Pembangunan (BPKP). Dia mengaku sudah menjelaskan tentang perhitungan dalam pengadaan tersebut. Alex mengatakan pihaknya mengalami kerugian dalam pengadaan proyek Chromebook. Dia mengaku tak tahu perihal hitungan diperkaya Rp 112 miliar tersebut. ""Riilnya minus nggak, Pak?"" tanya pengacara Nadiem. ""Karena kalau riilnya apa yang kita order kefactoryitu kita harus bayar, Pak, terus sedangkan uang yang kita terima dari distributor juga sesuai dengan dokumen PO,"" jawab Alex. ""Bapak nggak bisa minta tambah?"" tanya pengacara Nadiem. ""Nggak bisa minta tambah, Pak, kan sesuai PO, Pak. Jadi kalau ditanya secara riilnya ya memang kita rugi,"" jawab Alex. ""Makanya saya klarifikasi karena di dakwaan itu bapak diperkaya Rp 112 miliar, diperkaya itu artinya ada pertambahan harta kekayaan,"" ujar pengacara Nadiem. ""Betul, Pak,cumansaya nggak tahu hitungan darinya keluarsegitudari mana, harusnya kan ada datanya yang bisa,"" ujar Alex. Dalam perkara ini, Nadiem didakwa melakukan korupsi terkait pengadaan laptop Chromebook saat menjabat Mendikbudristek. Proyek itu disebut menyebabkan kerugian negara Rp 2,1 triliun. Selain Nadiem, Sri Wahyuningsih selaku mantan Direktur Sekolah Dasar Ditjen Pendidikan Anak Usia Dini, Pendidikan Dasar, dan Pendidikan Menengah tahun 2020-2021; Mulyatsyah selaku mantan Direktur SMP Kemendikbudristek 2020; serta Ibrahim Arief (Ibam) selaku mantan tenaga konsultan Kemendikbudristek era Nadiem juga menjadi terdakwa dalam perkara ini. Lihat juga Video: Nadiem Ajukan Penangguhan Penahanan di Kasus Korupsi Chromebook [Gambas:Video 20detik]"
https://news.detik.com/berita/d-8382032/eks-bos-wilmar-terbukti-bersalah-di-kasus-suap-hakim-lolos-dari-kasus-tppu;Eks Bos Wilmar Terbukti Bersalah di Kasus Suap Hakim, Lolos dari Kasus TPPU;Selasa, 03 Mar 2026 15:33 WIB;"Mantan Head of Social Security and License Wilmar Group, M Syafei, divonis 6 tahun penjara dalam kasus suap hakim untuk vonis lepas perkara minyak goreng (migor). Namun, hakim menyatakan Syafei tidak terbukti menerima suap terkait perkara ini dan tidak melakukan tindak pidana pencucian uang (TPPU). ""Menimbang bahwa atas hal tersebut, majelis hakim berpendapat bahwa penuntut umum telah gagal membuktikan adanya aliran pencucian uang dari kasus suap dalam perkaraa quo,"" kata hakim anggota Andi Saputra saat membacakan vonis Syafei di Pengadilan Tipikor Jakarta Pusat, Selasa (3/3/2206). ""Sedangkan Terdakwa M Syafei telah dapat membuktikan terbalik bahwa hartanya adalah bukan dari hasil pencucian uang, sehingga dakwaan kedua tidak terbukti,"" imbuh hakim. SCROLL TO CONTINUE WITH CONTENT Hakim menyatakan Syafei bersalah membantu pengacara Marcella Santoso dkk memberi suap ke majelis hakim untuk menjatuhkan vonis lepas kepada terdakwa korporasi migor. Hakim menyatakan Marcella dan Ariyanto Bakri menikmati uang sebesar USD 2 juta terkait perkara ini. ""Menimbang bahwa meski demikian, berdasarkan pembuktian dalam perkara Marcella Santoso dan Ariyanto sudah dapat diketahui pasti jumlahnya yaitu 2 juta dolar USD yang dinikmati oleh Marcella Santoso dan Ariyanto untuk keperluan pribadi, sehingga Pasal 4 ayat 2 Perma RI Nomor 5 Tahun 2014 tidak berlaku lagi terhadap Terdakwa M Syafei,"" ujar hakim. Hakim kemudian menguraikan tiga peran Syafei dalam kasus suap vonis lepas. Hakim mengatakan Syafei berperan sebagai penghubung antara korporasi migor dan Marcella. ""Menimbang bahwa dalam persidangan terungkap peran terdakwa M Syafei adalah, satu, memberitahu ada dana Rp 20 miliar kepada saksi Marcella Santoso dari perusahaan beperkara untuk menyuap hakim. Dua, menerima nomorhandphonesaksi Ariyanto dari saksi Marcella Santoso dan meneruskan nomorhandphonetersebut ke pihak perusahaan berperkara,"" kata hakim. Hakim mengatakan terdakwa menjadi penghubung antara perusahaan dan MArcella. Jadi, kata hakim, perbuatannya terbukti memenuhi unsur memberi bantuan melakukan tindak pidana. ""Menjadi penghubung antara Wilmar Group dan saksi Marcella Santoso, sehingga perbuatan terdakwa M Syafei telah nyata memenuhi unsur mereka yang sengaja memberikan bantuan pada waktu kejahatan dilakukan, atau setidak-tidaknya mereka yang sengaja memberi kesempatan, sarana, atau keterangan untuk melakukan kejahatan,"" ujarnya. Dalam perkara ini, hakim menghukum Syafei dengan pidana penjara selama 6 tahun. Hakim juga menghukum Syafei membayar denda Rp 300 juta subsider 100 hari pidana kurungan. ""Menyatakan Terdakwa M Syafei tersebut di atas, terbukti secara sah dan meyakinkan bersalah melakukan tindak pidana membantu memberi suap secara bersama-sama,"" ujar ketua majelis hakim Efendi saat membacakan amar putusan di Pengadilan Tipikor Jakarta Pusat, Selasa (3/3). ""Menjatuhkan pidana kepada terdakwa oleh karena itu dengan pidana penjara selama 6 tahun,"" imbuh hakim. Hakim menyatakan M Syafei bersalah melanggar Pasal 6 ayat 1 huruf ajunctoPasal 18 UU TipikorjunctoPasal 56 ayat 1 ke-1 KUHP. Lihat juga Video: Peran Kepala Legal Wilmar di Kasus Suap Vonis Lepas Korupsi Migor [Gambas:Video 20detik]"
https://news.detik.com/berita/d-8381773/kpk-masih-cari-pihak-lain-terkait-ott-bupati-pekalongan-minta-kooperatif;KPK Masih Cari Pihak Lain Terkait OTT Bupati Pekalongan, Minta Kooperatif;Selasa, 03 Mar 2026 13:58 WIB;"KPKmenangkapBupati Pekalongan Fadia Arafiqbeserta orang kepercayaan dan ajudannya dalam operasi tangkap tangan (OTT). Ketiganya ditangkap di Semarang, Jawa Tengah (Jateng), dini hari tadi. Jubir KPK Budi Prasetyo menjelaskan, meski telah mengamankan Fadia bersama orang kepercayaan dan ajudannya, penyidik masih mencari pihak lain yang diduga mengetahui terkait kasus yang tengah diselidiki. KPK meminta para yang tengah dicari ini untuk bersikap kooperatif. ""Tim saat ini juga masih terus melakukan pencarian kepada pihak-pihak terkait lainnya dan kami juga mengimbau agar para pihak-pihak dimaksud bisa kooperatif,"" kata jubir KPK Budi Prasetyo kepada wartawan di gedung Merah PutihKPK, Kuningan, Jakarta Selatan, Selasa (3/3/2026). SCROLL TO CONTINUE WITH CONTENT ""Sehingga dapat membantu dalam proses penanganan perkara ini. Sehingga jalannya proses penanganan perkara yang saat ini ada di tahap penyelidikan bisa berjalan secara efektif,"" lanjutnya. Budi juga telah mengungkap kasus yang tengah diselidiki terkait OTT yang menjerat Bupati Pekalongan Fadia Arafiq. Dia menjelaskan kasus yang tengah didalami berkaitan dengan pengadaan di lingkungan Pemkab Pekalongan. ""Adapun dugaan tindak pidana korupsi dalam kasus kali ini adalah berkaitan dengan pengadaan di wilayahPemkab Pekalongan,"" ungkap Budi. Budi belum merinci pengadaan yang dimaksud. Dia hanya menjelaskan, ada beberapa pengadaan di lingkungan Pemkab Pekalongan yang dalam penyelidikan KPK. ""Ini masih didalami. Ini kan ada beberapa pengadaan di lingkup Pemerintah Kabupaten Pekalongan, jadi nanti kita akan melihat lokusnya di mana saja,"" kata Budi. Saat ini, kata Budi, Fadia bersama orang kepercayaan dan ajudannya telah berada di Jakarta. Ketiganya tengah menjalani pemeriksaan di gedung Merah Putih KPK. ""Pada pagi hari ini ketiga pihak dimaksud langsung dibawa ke Jakarta untuk dilakukan pemeriksaan lebih lanjut,"" tutur Budi. KPK memiliki waktu 1x24 jam untuk menentukan status hukum para pihak yang terjaring OTT. Saat ini, para pihak yang terjaring OTT masih berstatus sebagai terperiksa. Lihat juga Video Cik Cik Bum Bum: Fadia Arafiq Dari Panggung Dangdut ke Panggung KPK [Gambas:Video 20detik]"
https://news.detik.com/berita/d-8381607/kpk-ungkap-2-sosok-yang-kena-ott-bareng-bupati-pekalongan;KPK Ungkap 2 Sosok yang Kena OTT Bareng Bupati Pekalongan;Selasa, 03 Mar 2026 13:14 WIB;"KPK mengungkapkan perkembangan operasi tangkap tangan (OTT)Bupati PekalonganFadia Arafiq. KPK menyebut Fadia diamankan bersama dua pihak lainnya, yakni orang kepercayaan dan ajudan. ""Tim mengamankan sejumlah tiga orang, salah satunya adalah Bupati Pekalongan dan dua pihak lainnya yang merupakan orang kepercayaan dan juga ajudan dari Bupati,"" kata jubir KPK Budi Prasetyo kepada wartawan di gedung Merah Putih KPK, Kuningan, Jakarta Selatan, Selasa (3/3/2026). Budi mengatakan Fadia bersama dua pihak lainnya diamankan pada Selasa (3/3) dini hari. Ketiganya diamankan di Semarang. Namun, Budi tak merinci lokasi persis ketiganya diamankan. SCROLL TO CONTINUE WITH CONTENT Diketahui, KPK menangkap Bupati Pekalongan Fadia Arafiq dalam kegiatan operasi tangkap tangan. KPK mengatakan Fadia ditangkap bersama sejumlah pihak lainnya. ""Tim mengamankan sejumlah pihak di wilayah Pekalongan, Jawa Tengah, salah satunya Bupati,"" kata Budi kepada wartawan saat diminta keterangan, Selasa (3/3). Budi mengatakan Bupati Pekalongan pun langsung dibawa ke Jakarta untuk pemeriksaan lebih lanjut. ""Tim kemudian membawa ke Jakarta untuk dilakukan pemeriksaan lebih lanjut,"" jelas Budi. KPK memiliki waktu 1x24 jam untuk menentukan status hukum para pihak yang terjaring OTT. Saat ini, para pihak yang terjaring OTT masih berstatus sebagai terperiksa. Waketum Partai Golkar, Ahmad Doli Kurnia, prihatin Fadia Arafiq terjerat operasi tangkap tangan KPK. Golkar meminta seluruh kepala daerah mengambil pelajaran dari rentetan kasus OTT yang belakangan terjadi. ""Tentu kami sangat prihatin dengan kejadian tersebut. Seharusnya setelah rentetan beberapa kali banyaknya kepala daerah yang terkena OTT dalam beberapa bulan terakhir ini, para kepala daerah itu dapat mengambil pelajaran, harus lebih berhati-hati dan tidak lagi mengambil kebijakan yang berpotensi melanggar hukum,"" kata Doli kepada wartawan, Selasa (3/3). Doli menyesalkan Fadia Arafiq sebagai kader Golkar terjerat OTT tersebut. Doli mengatakan Golkar selalu mengingatkan kader untuk berhati-hati dan memegang amanah rakyat dengan baik. ""Apalagi Bupati Pekalongan adalah kader dan pimpinan Partai Golkar, tentu kami sangat kecewa. Karena dalam berbagai kesempatan, kami juga selalu mengingatkan kepada seluruh jajaran partai, baik yang ada di legislatif dan eksekutif, terutama di daerah harus berhati-hati. fokus jalankan amanah rakyat dengan baik dan selenggarakan pemerintahan yang bersih,"" ucapnya. Lihat juga Video: Bupati Pekalongan Fadia Arafiq Terjaring OTT KPK [Gambas:Video 20detik]"
https://news.detik.com/berita/d-8385599/pakar-hukum-beri-pesan-ke-ma-soal-calon-pengganti-hakim-mk-anwar-usman;Pakar Hukum Beri Pesan ke MA soal Calon Pengganti Hakim MK Anwar Usman;Kamis, 05 Mar 2026 14:49 WIB;"HakimMahkamah Konstitusi(MK) Anwar Usman memasuki masa pensiun tahun ini. Constitutional and Administrative Law Society (CALS), yang berisikan ahli hukum tata negara, berpesan kepada Mahkamah Agung (MA) agar memilih calon hakim konstitusi yang rekam jejaknya teruji. ""Jadi pesannya adalah tentu saja untuk memilih hakim yang betul-betul rekam jejaknya teruji,"" kata salah satu pendiri CALS, Bivitri Susanti, di gedung MK, Jakarta Pusat, Kamis (5/3/2026). Bivitri meminta MA tidak memilih hakim yang bermasalah untuk ditempatkan di MK. Menurutnya, hal tersebut dapat membuat hakim MK itu mengalami benturan kepentingan. SCROLL TO CONTINUE WITH CONTENT ""Jangan sampai ada masalah yang bisa membuat dia punya banyak sekali benturan kepentingan,"" katanya. Bivitri meminta MA tidak terburu-buru menentukan hakim MK pengganti Anwar Usman. Dia berharap MA bisa memastikan hakim yang dipilih memiliki rekam jejak yang baik. ""Masih bulan Juni Pak Anwar Usman selesainya, jadi masih ada waktu sebenarnya untuk bisa mendapatkan calon hakim yang betul-betul tidak tercela rekam jejaknya,"" katanya. Untuk diketahui, MA telah mengumumkan 10 nama calon pengganti Anwar yang lolos seleksi administrasi. Pengumuman itu ditandatangani oleh Wakil Ketua MA bidang Yudisial sekaligus Ketua Panitia Seleksi, Suharto, pada Senin (2/2). Terbaru, Sekretaris MA, Sugiyanto, melaporkan terdapat satu peserta mengundurkan diri dalam tahapan seleksi, yakni Sudharmawatiningsih. Dia mundur karena dilantik sebagai panitera MA. Karena itu, kini tersisa sembilan calon hakim MK dari MA. Para calon hakim MK itu sedang menjalani uji kelayakan oleh MA. Berikut nama-nama calon hakim MK pengganti Anwar Usman:1. Hakim tinggi pemilah perkara pada MA, Avrits2. Ketua PT TUN Medan, Disiplin F Manao3. Hakim tinggi PT Denpasar, Fahmiron4. Hakim tinggi PT Agama Jakarta, Fauzan5. Hakim utama/hakim tinggi yustisial pada MA, I Made Sukadana6. Hakim tinggi PT Medan, Liliek Prisbawono Adi7. Ketua PT Kaltara, Marsudin Nainggolan8. Panitera muda MA, Minanoer Rachman9. Wakil Ketua PT Bandung, Syahlan. Lihat juga Video: MK Gelar Sidang Pleno Khusus Laporan Awal Tahun, Anwar Usman Absen [Gambas:Video 20detik]"
https://news.detik.com/berita/d-8385700/wanita-pencuri-duit-takziah-di-jaktim-diduga-sudah-3-kali-beraksi;Wanita Pencuri Duit Takziah di Jaktim Diduga Sudah 3 Kali Beraksi;Kamis, 05 Mar 2026 15:34 WIB;"Seorang wanita diduga mencuri uangtakziahdi daerah Kramat Jati, Jakarta Timur (Jaktim). Wanita itu diduga telah melakukan aksi pencurian serupa sebanyak 3 kali. ""Iya betul sama seperti dua kejadian sebelumnya,"" kata Kepala Unit Reserse Kriminal (Kanit Reskrim)Polsek Kramat JatiAKP Fadoli, dilansirAntara,Kamis (5/3/2026). Polisi mengungkap pelaku yang sama sudah menjalankan aksinya sedikitnya dua kali di wilayah berbeda dengan modus berpura-pura melayat. Jadi total pelaku telah melakukan sebanyak tiga kali. SCROLL TO CONTINUE WITH CONTENT Pelaku dalam kasus pencurian uang takziah di Kramat Jati identik dengan dua kejadian sebelumnya. ""Betul, memang kasus dan pelakunya sama,"" katanya. Dua aksi sebelumnya terjadi di Jalan Damai, kawasan Lubang Buaya, pada 22 Desember 2025 dan di Jalan Bambu Kuning, Bambu Apus, pada 4 Februari 2026. Dalam ketiga peristiwa tersebut, pelaku diduga menggunakan pola yang sama, menyasar rumah duka dan memanfaatkan situasi berkabung untuk melancarkan aksinya. Berdasarkan penyelidikan sementara, pelaku datang ke rumah duka dengan berpura-pura mengenal keluarga almarhum. Dia kemudian berbaur dengan para pelayat lain agar tidak menimbulkan kecurigaan. Saat kondisi lengah, pelaku diduga mengambil uang sumbangan takziah yang dikumpulkan dari para tamu. Penyidik masih mengumpulkan bukti tambahan, termasuk rekaman kamera pengawas (CCTV) dan keterangan saksi di tiga lokasi. Kesamaan ciri fisik serta modus operandi menjadi dasar kuat bahwa pelaku merupakan orang yang sama. Polisi juga membuka kemungkinan adanya korban lain yang belum melapor. Masyarakat yang merasa mengalami kejadian serupa diimbau segera membuat laporan agar dapat diproses lebih lanjut. ""Kami masih lakukan penyelidikan dan pendalaman,"" katanya. Kasus terakhir terjadi di Jalan Dukuh IV, Kampung Dukuh, Kramat Jati, Jaktim. Pelaku memanfaatkan situasi rumah duka yang ramai oleh pelayat. ""Dia melancarkan aksinya berpura-pura kenal dengan keluarga almarhum lalu berbaur dengan pelayat lainnya,"" katanya. Saat kondisi lengah, perempuan tersebut mengambil uang takziah dan dimasukkan ke dalam tas miliknya. Wanita itu mencuri uang takziah setelah beralasan menumpang ke toilet. ""Pas sedang lengah, pelaku mengambil uang takziah yang sudah dikantongi, dimasukkan ke dalam tasnya lalu kabur,"" katanya. Lihat juga Video: Pura-Pura Beli Makan Kucing, Pria Curi Uang di Kasir Pet Shop Jakbar [Gambas:Video 20detik]"
https://news.detik.com/berita/d-8391805/auditor-bpk-ungkap-negara-rugi-usd-113-juta-akibat-kasus-korupsi-lng;Auditor BPK Ungkap Negara Rugi USD 113 Juta Akibat Kasus Korupsi LNG;Senin, 09 Mar 2026 15:58 WIB;"AuditorBadan Pemeriksa Keuangan (BPK)Aurora Magdalena mengungkap kerugian keuangan negara dalam kasus dugaan korupsi pengadaanliquefied natural gas(LNG) atau gas alam cair. Aurora mengatakan kerugian negara sebesar USD 113 juta. Hal itu disampaikan Aurora Magdalena saat dihadirkan jaksa sebagai ahli di Pengadilan Tipikor Jakarta, Senin (9/3/2026). Terdakwa dalam sidang ialah mantan Direktur Gas PT Pertamina, Hari Karyuliarto, dan mantan VP Strategic Planning Business Development Direktorat Gas Pertamina, Yenni Andayani. ""Sehingga total keseluruhan adalah USD 113.839.186,60. Itu total kerugian yang dialami oleh pihak PT Pertamina yang tahun 2020-2021?"" tanya jaksa. SCROLL TO CONTINUE WITH CONTENT ""Iya benar,"" jawab Aurora. Jaksa mendalami perhitungan kerugian pembelian per kargo LNG Corpus Christi Liquefaction. Aurora mengatakan nilai per kargonya berbeda. ""Per kargo itu nilainya beda-beda ya? Ada kodenya ya?"" tanya jaksa. ""Iya, per kargo nilainya berbeda-beda dan nilai volumenya juga berbeda-beda dan ini sudah dijadwalkan setahun sebelumnya berapa kargo yang akan dikirimkan, dan berapa yang Pertamina bersedia untuk mengambil atau memutuskan untuk tidak mengambil. Dan Pertamina untuk memutuskan tidak mengambil harus melaporkan dua bulan sebelum jadwal pengiriman kargo tersebut,"" jawab Aurora. Selain Aurora, jaksa menghadirkan auditor BPK Arlin Gunawan Siregar. Arlin mengatakan perhitungan kerugian negara dalam kasus LNG tak perlu menunggu kontrak kerja sama selesai. ""Artinya tidak harus menunggu kontrak itu selesai ya baru dilakukan perhitungan ya?"" tanya jaksa. ""Iya, jadi sejalan dengan yang tadi karena bisa dihitung kargo per kargo, ya kita tidak perlu kemudian harus menunggu kontrak ini 20 tahun selesai dulu, baru bisa dihitung,"" jawab Arlin. Jaksa penuntut umum padaKPKmendakwa dua terdakwa baru kasus korupsi pengadaan liquefied natural gas (LNG) atau gas alam cair merugikan negara USD 113 juta. Kedua terdakwa itu ialah mantan Direktur Gas PT Pertamina, Hari Karyuliarto, dan mantan VP Strategic Planning Business Development Direktorat Gas Pertamina, Yenni Andayani. Sidang dakwaan digelar di Pengadilan Tipikor Jakarta Pusat, Selasa (23/12/2025). Keduanya didakwa melakukan perbuatan tersebut bersama mantan Dirut Pertamina Galaila Karen Kardinah atau Karen Agustiawan, yang sudah lebih dulu divonis bersalah dalam kasus ini. ""Melakukan perbuatan memperkaya diri sendiri atau orang lain atau suatu korporasi, yaitu memperkaya Galaila Karen Kardinah alias Karen Agustiawan sebesar Rp 1.091.280.281 (Rp 1 miliar) dan USD 104.016 serta memperkaya korporasi Corpus Christi Liquefaction LLC sebesar USD 113.839.186 (USD 113 juta),"" ujar jaksa. Jaksa mengatakan angka kerugian itu didasari pada laporan hasil pemeriksaan investigatif BPK RI. Jaksa mengatakan pembelian gas itu dilakukan dengan alasan stok gas dalam negeri terbatas sehingga Pertamina perlu membeli gas dari AS. Jaksa mengatakan izin prinsip terkait pengadaan LNG itu dikeluarkan Karen tanpa pedoman pelaksanaan pengadaan LNG. Pengadaan LNG itu, kata jaksa, dilakukan berdasarkan best practice yang selalu dilakukan Pertamina sebagaisellerLNG bagian negara. Setelah melalui berbagai proses negosiasi dan proses pembahasan internal, pembelian gas pun dilakukan oleh Pertamina kepada Corpus Christi Liquefaction LLC. Padahal, kata jaksa, Pertamina belum memiliki pembeli tetap LNG di pasar domestik yang akan menyerap atau membeli LNG dari perusahaan AS tersebut. Jaksa mengatakan pembelian LNG itu tak disertai dengan analisis atau perhitungan keekonomian secara final. Kondisi itu menyebabkan terjadinya kelebihan atauoversupplyLNG. Jaksa mengatakan Pertamina kemudian menjual LNG impor yang surplus itu kepada pembeli di luar negeri pada 2019-2023. Jaksa mengatakan total biaya pembelian 18 kargo LNG Corpus Christi Liquefaction yang dikeluarkan Pertamina berjumlah USD 341.410.404 dan Pertamina menjualnya secara rugi dengan nilai penjualan USD 248.784.764. Jaksa mengatakan Pertamina mengalami kerugian dari praktik jual beli tersebut senilai USD 92.625.640. Jaksa juga mengatakan adauncommitment cargosehingga menyebabkan Pertamina harus membayarsuspension feeUSD 10.045.980. Jaksa pun mengatakan perbuatan para terdakwa telah menyebabkan kerugian negara USD 113.839.186. Jumlah itu setara Rp 1,9 triliun jika didasarkan pada kurs saat ini."
https://news.detik.com/berita/d-8385725/eks-anak-buah-nadiem-curhat-sempat-marah-dan-nangis-karena-merasa-dijebak;Eks Anak Buah Nadiem Curhat Sempat Marah dan Nangis karena Merasa Dijebak;Kamis, 05 Mar 2026 15:43 WIB;"Mantan Direktur SMP Kemendikbudristek, Mulyatsyah, curhat soal alasan dirinya marah dan menangis saat diperiksa jaksa terkait kasus dugaan korupsi pengadaan laptop Chromebook. Mulyatsyah mengaku kaget karena tak ada yang memberitahunya soal Permendikbud Nomor 11 Tahun 2020 yang mengatur pengadaan laptop dengan sistem Windows. Hal itu disampaikan Mulyatsyah saat dihadirkan sebagai saksi oleh jaksa di Pengadilan Tipikor Jakarta, Kamis (5/3/2026). Duduk sebagai terdakwa ialah eks Mendikbudristek Nadiem Anwar Makarim. Mulyatsyah juga merupakan salah satu terdakwa dalam kasus ini. Permendikbud Nomor 11 Tahun 2020 itu dikeluarkan Nadiem pada 24 Februari 2020. Permendikbud itu berisi Petunjuk Operasional Dana Alokasi Khusus Fisik Bidang Pendidikan Tahun Anggaran 2020 yang mengatur mengenai dana DAK Fisik bidang pendidikan PAUD, SD, SMP, SMA, SKB, SLB, dan SMK. SCROLL TO CONTINUE WITH CONTENT ""Saudara tahu tidak, karena sebuah anomali kalau saya. Terdakwa ini sebelumnya di bulan Februari ada menerbitkan Permendikbud Nomor 11 Tahun 2020 tentang Petunjuk Operasional Dana Alokasi Khusus (DAK) fisik Bidang Pendidikan, yang sistem operating-nya bukan Chrome, tapi Windows 10. Bisa Saudara beri penjelasan?"" tanya jaksa. ""Saya tahu pada saat dilakukan pemeriksaan dan saya marah sekali. Tapi, saya tidak bisa marah kepada siapa-siapa. Karena saya merasa, saya orang daerah yang sudah berjuang bekerja dengan baik, dengan tidak melakukan, apalagi latar belakang saya seorang guru. Saya 10 tahun mengajar di SMA. Jadi karir saya, saya mulai dari guru. Guru itu berkata benar dan hatinya berkata sama dengan perbuatan,"" jawab Mulyatsyah. Mulyatsyah mengaku kaget saat ditanyai penyidik soal Permendikbud Nomor 11 tersebut. Dia marah karena sebelumnya tidak ada yang memberi tahu tentang Permendikbud tersebut. ""Ketika saya ditanyakan oleh Penyidik saat itu tentang Permendikbud 11, di situ saya kaget. Ternyata ada Permendikbud walaupun arahnya adalah untuk Dana Alokasi Khusus yang jelas-jelas poinnya di situ sistem operasionalnya menggunakan Windows,"" kata Mulyatsyah. ""Ini berarti sudah ada Permendikbud sebelumnya. Walaupun penggunaannya untuk DAK, tetapi paling tidak kalau kita tahu, mungkin kita akan lebih memiliki persiapan yang lebih matang dari sisi teknis agar tidak berbenturan dengan berbagai hal,"" imbuhnya. Mulyatsyah mengaku menangis dan marah karena untuk pertama kalinya merasa tidak tahu tentang tugasnya. Jaksa kemudian mendalami soal rapat daring bersama Nadiem pada 5 Juni 2020. ""Apakah pada saat Zoom Meeting tanggal 5 Juni yang dihadiri Terdakwa, tidak disampaikan Permendikbud 11 Tahun 2020 itu?"" tanya jaksa. ""Tidak, karena konteks bicara di Zoom Meeting tanggal 5 itu bicara tentang teknis program,"" jawab Mulyatsyah. Mulyatsyah mengaku menangis dan marah karena untuk pertama kalinya merasa tidak tahu tentang tugasnya. Jaksa kemudian mendalami soal rapat daring bersama Nadiem pada 5 Juni 2020. ""Apakah pada saat Zoom Meeting tanggal 5 Juni yang dihadiri Terdakwa, tidak disampaikan Permendikbud 11 Tahun 2020 itu?"" tanya jaksa. ""Tidak, karena konteks bicara di Zoom Meeting tanggal 5 itu bicara tentang teknis program,"" jawab Mulyatsyah. Jaksa kemudian bertanya mengenai dokumen terkait review kajian teknis. Mulyatsyah pun menjelaskan dengan rinci. ""Lalu berikutnya adalah, kalau kita berbicara mengenai... tadi Saudara katakan tanggal 4 Juni Saudara dilantik ya kan. Dari arahan Terdakwa ya kan, pada saat Zoom Meeting tersebut, apakah ada Saudara terlibat menandatangani dokumen terkait dengan Review Kajian Teknis? Bisa Saudara ceritakan, apa itu Review Kajian Teknis dan isinya apa?"" tanya jaksa. ""Iya. Yang pertama, setelah saya dilantik tanggal 4 Juni, saya mengikuti dan mempelajari dinamika di internal saya. Saya panggil seluruh staf, saya tanyakan apa perkembangan yang terjadi. Semua staf sudah menyampaikan terutama tim teknis, menyampaikan perkembangan sebelum saya menjadi Direktur. Ada dinamika yang turun-naik yang demikian luar biasa tentang kebijakan pemilihan Chrome OS atau Chromebook,"" jawabnya. ""Nah, kemudian pada tanggal 8 (Juni), saya menerima SK perintah. Saya ini aparatur, Pak Jaksa, saya ini adalah birokrat, saya mesti patuh dan taat dengan perintah atasan. Apalagi ketika perintah atasan itu dalam bentuk tertulis. Saya diberikan SK bersama Bu Sri, tiba-tiba saya menjadi Ketua Tim untuk melakukan review kajian, review analisis kajian teknis. Berarti sudah ada sebelumnya.Ada jumlah yang cukup banyak, 28 orang, yang saya tidak tahu anggotanya siapa saja, dan saya tidak pernah mengusulkan karena saya juga menerima SK itu. Tapi kewajiban saya bertanya langsung kepada Dirjen kembali. Saya minta arahan, ""Apa yang mesti saya lakukan, Pak? Ini kan sudah ada kajian-kajian sebelumnya"","" tambahnya. Menurutnya, saat itu Dirjen menyampaikan bahwa kajian pertama belum clear. Tetapi, sudah ada kajian kedua, selain itu Nadiem Makarim yang saat itu menjadi Mendikbud juga sudah menyetujui penggunaan Chrome OS. ""Pak Dirjen pada saat itu menyampaikan bahwa memang kajian pertama belum clear. Sudah ada kajian kedua, ini sekarang sesuai kesepakatan atau hasil rapat tanggal 6 Mei kata Beliau, maka sudah diputuskan oleh Mas Menteri bahwa kita harus menggunakan teknologi atau Chrome OS. Jadi karena kajian sebelumnya itu tidak ada di dalam redaksionalnya itu tentang Renstra (Rencana Strategis) terbaru, maka arahan dari Dirjen: ""Tolong Pak Mu, masukkan, perhatikan Renstra itu harus masuk."" Karena di dalam Renstra itulah bicara tentang digitalisasi, tentang AKM dan seterusnya,"" katanya. Dia mengatakan karena sudah ada kajian teknis pertama dan kedua, maka kajian berikutnya adalah perbandingan antara teknologi Chrome OS dengan windows. Dia mengatakan untuk mengerjakan kajian perbandingan ini, dia meminta tim teknis menyusunnya.""Saya karena tidak mengerti dengan teknologi, maka saya delegasikan sepenuhnya kepada tim teknis. Saya hanya mengarahkan tim teknis sesuai dengan arahan Dirjen tadi. Yang pertama, pastikan bahwa Renstra masuk di dalam review ini. Yang kedua, lakukan kajian yang profesionalitas, perbandingan antara Chrome OS dengan Windows. Itu yang saya tahu, Pak Jaksa,"" katanya. ""Saudara tidak mendapatkan laporan bahwasanya, atau menelaah bahwasanya, dan Saudara perbandingkan kajian teknis pertama maupun review kajian teknis itu, itu ada beberapa atau hampir semuanya tim teknis itu merasakan lebih mengunggulkan bukan Chrome OS, gitu loh. Ya kan? Dan Saudara tidak menanyakan kepada Sang Menteri, Terdakwa, bahwasanya apakah ini benar diarahkan dengan Chrome OS seperti ini? Saudara lakukan?"" tanya jaksa lagi. ""Iya. Posisi saya dengan Mas Menteri terlalu jauh,"" timpal Mulyatsah. Jaksa pun heran dengan jawaban Mulyatsah yang mengaku jabatannya dengan menteri terlalu jauh. Menurut jaksa, jabatan Mulyatsah selaku Direktur SMP Kemendikbudristek itu mudah berdiskusi dengan menteri. ""Kenapa terlalu jauh? Kan Direktur,"" ucap jaksa. ""Iya, setahu saya, saya belum pernah berkomunikasi via telepon atau via direct langsung kepada Mas Menteri karena atasan saya adalah Dirjen. Dan dari atmosfer yang saya tahu pada saat itu, ketika ada hal-hal yang mungkin perlu kita diskusikan, maka Dirjen biasanya mengarahkan atau bersama-sama bicara dengan Staf Khusus Menteri,"" jawab Mulyatsah. Mulyatsyah juga merupakan terdakwa dalam perkara ini. Mulyatsyah diadili dalam berkas perkara terpisah dengan Nadiem. Selain sebagai mantan Direktur SMP, Mulyatsyah juga disebut berperan sebagai ketua Tim Teknis Review Hasil Kajian Tim Teknis Analisis Kebutuhan Alat Pembelajaran Teknologi Informasi dan Komunikasi di SD dan SMP.Dalam perkara ini, Nadiem didakwa melakukan korupsi terkait pengadaan laptop Chromebook saat menjabat Mendikbudristek. Proyek itu disebut menyebabkan kerugian negara Rp 2,1 triliun. Selain Nadiem dan Mulyatsyah, Sri Wahyuningsih selaku mantan Direktur Sekolah Dasar Ditjen Pendidikan Anak Usia Dini, Pendidikan Dasar, dan Pendidikan Menengah tahun 2020-2021 dan Ibrahim Arief (Ibam) selaku mantan tenaga konsultan Kemendikbudristek era Nadiem juga menjadi terdakwa dalam perkara ini. Simak juga Video: Kata Nadiem soal Rapat Zoom Tak Pernah Direkam [Gambas:Video 20detik]"
https://news.detik.com/berita/d-8384391/sidang-vonis-delpedro-dkk-di-kasus-penghasutan-digelar-jumat-lusa;Sidang Vonis Delpedro dkk di Kasus Penghasutan Digelar Jumat Lusa;Rabu, 04 Mar 2026 19:51 WIB;"Sidang kasus penghasutan terkaitdemonstrasi berujung kericuhan pada Agustuslalu dengan terdakwa Direktur Eksekutif LokataruDelpedro Marhaendkk memasuki babak akhir. Sidang vonis Delpedro bersama tiga terdakwa lainnya akan digelar pada Jumat (6/3) lusa. ""Selanjutnya putusan akan dibacakan pada Jumat ya,"" ujar ketua majelis hakim Harika Nova Yeri di Pengadilan Negeri Jakarta Pusat (PN Jakpus), Rabu (4/3/2026). Tiga terdakwa lainnya dalam perkara ini yaitu admin @gejayanmemanggil Syahdan Husein, staf Lokataru Foundation Muzaffar, serta mahasiswa Universitas Riau Khariq Anhar. Hakim mengatakan sidang vonis akan digelar sekitar pukul 14.00 WIB. SCROLL TO CONTINUE WITH CONTENT ""Sidang dibuka lagi habis Jumatan ya, jam dua,"" ujar hakim. Sebelumnya, PN Jakpus menggelar sidang tuntutan terkait demonstrasi berujung kericuhan pada Agustus tahun lalu dengan terdakwa Direktur Eksekutif Lokataru Delpedro Marhaen dan tiga orang rekannya. Delpedro dkk dituntut dua tahun penjara. ""Yang pertama, menyatakan terdakwa satu Delpedro, terdakwa dua Muzaffar, terdakwa tiga Syahdan dan terdakwa empat Kharik telah terbukti secara sah dan meyakinkan bersalah melakukan tindak pidana. Turut serta melakukan tindak pidana di muka umum dengan lisan atau tulisan mengadu orang untuk melakukan tindak pidana, atau menghasut orang untuk melawan penguasa umum dengan kekerasan,"" ujar jaksa penuntut umum (JPU) dalam sidang, Jumat (27/2). Jaksa mengatakan Delpedro didakwa Pasal 246 juncto Pasal 20 C Undang-Undang Nomor 1 Tahun 2023 KUHP. Atas hal tersebut, Delpedro dkk dituntut dua tahun penjara. ""Pasal 246 juncto Pasal 20 C Undang-Undang Nomor 1 Tahun 2023 KUHP sebagaimana dalam dakwa penuntut umum,"" ujarnya. ""Dua, menyatakan pidana oleh terdakwa satu Delpedro, terdakwa dua Muzaffar, terdakwa tiga Syahdan dan terdakwa empat Kharik dengan pidana penjara selama dua tahun, dikurangi selama para terdakwa berada di tahanan,"" tambahnya. Simak juga Video 'Delpedro: Tuntutan 2 Tahun Penjara Tak Buat Kami Gentar dan Takut!': [Gambas:Video 20detik]"
https://news.detik.com/berita/d-8382713/pengacara-junaedi-saibih-divonis-bebas-di-kasus-suap-hakim-migor;Pengacara Junaedi Saibih Divonis Bebas di Kasus Suap Hakim Migor;Selasa, 03 Mar 2026 21:58 WIB;"Terdakwa pengacara Junaedi Saibih divonis bebas dalam kasus suap hakim pemvonis lepas perkara minyak goreng (migor). Hakim menyatakan jaksa penuntut umum (JPU) gagal membuktikan perbuatan Junaedi dalam perkara suap. ""Mengadili, menyatakan Terdakwa Junaedi Saibih tersebut di atas, tidak terbukti secara sah dan meyakinkan bersalah melakukan tindak pidana sebagaimana didakwakan dalam dakwaan alternatif kesatu, alternatif kedua, dan alternatif ketiga penuntut umum,"" ujar ketua majelis hakim Efendi saat membacakan amar putusan Junaedi Saibih di Pengadilan Tipikor Jakarta Pusat, Selasa (3/3/2026). ""Membebaskan Terdakwa oleh karena itu dari seluruh dakwaan Penuntut Umum,"" imbuh hakim. SCROLL TO CONTINUE WITH CONTENT Hakim menyatakan Junaedi tidak pernah terbang ke Singapura untuk rapat langsung dengan Wilmar Group Singapura selaku pihak prinsipal yang juga terlihat dari alat bukti paspor Junaedi. Hakim menyatakan jaksa gagal membuktikan pengetahuan Junaedi terkait upaya suap untuk pengurusan vonis lepas tersebut.""Menimbang bahwa hingga sidang pembuktian selesai, penuntut umum tidak berhasil membuktikan adanya meeting of mind, persamaan pemikiran, bertemunya kesamaan pemikiran terdakwa Junaedi Saibih dengan Ariyanto dan Marcella Santoso,"" ujar hakim. ""Selain itu tidak ada komunikasi yang menunjukkan adanya meeting of mind untuk menyerahkan uang, tidak ada pembagian peran dalam pelaksanaan pemberian, dan tidak ada persetujuan bersama yang dapat diidentifikasi secara tegas. Padahal, meeting of mind adalah syarat utama dari terwujudnya unsur penyuapan,"" imbuh hakim. Hakim menyatakan Junaedi tidak terlibat dalam percakapan rangkaian perbuatan suap dalam perkara ini. Hakim menyatakan Junaedi dibayar dengan uang rupiah sebagai fee jasa advokat di Aryanto Arnaldo Law Firm (AALF) yang merupakan hak honorarium Junaedi. ""Menimbang bahwa berdasarkan barang bukti elektronik yang dibuktikan di persidangan, terdakwa Junaedi Saibih tidak terlibat percakapan yang menyangkut adanya penyuapan atau tindakan pembelaan ke klien yang melanggar hukum,"" ujar hakim. Hakim menyatakan group Signal dengan nama anonim belum bisa membuktikan perbuatan suap Junaedi. Hakim berpendapat belum ada bukti jika Junaedi mengetahui rentetan pengurusan vonis lepas tersebut. ""Menimbang bahwa terkait adanya percakapan di Signal yang ditulis terdakwa yang menyatakan bahwa: 'Kita tidak hanya tahu hakim, tapi tahu hukum', tidak menunjukkan bahwa terdakwa Junaedi Saibih mengetahui atau turut serta dalam rangkaian perbuatan suap tersebut karena percakapan tersebut terjadi setelah putusan lepas. Tidak ada satu pun fakta bahwa yang menyebutkan terdakwa Junaedi Saibih mengetahui rentetan perbuatan suap,"" tutur hakim. Hakim menyatakan tuntutan jaksa terkait pencabutan izin advokat dan pemecatan Junaedi sebagai dosen di Universitas Indonesia gugur dengan sendirinya karena dakwaan serta tuntutan tidak terbukti. Hakim memerintahkan pemulihan hak Junaedi dalam kedudukan dan kemampuannya. ""Memulihkan hak-hak Terdakwa dalam kemampuan, kedudukan, harkat, serta martabatnya,"" ujar hakim. Hakim membebaskan Junaedi Saibih dari seluruh dakwaan yakni Pasal 6 ayat 1 huruf a atau Pasal 5 ayat 1 huruf a atau Pasal 13junctoPasal 18 UU TipikorjunctoPasal 55 ayat 1 ke-1 KUHP. Dituntut 9 Tahun Penjara Sebelumnya, Junaedi Saibih dituntut 9 tahun penjara. Jaksa Penuntut Umum (JPU) juga menuntut Junaedi membayar denda Rp 600 juta subsider 150 hari pidana kurungan. Dalam perkara ini, Marcella Santoso didakwa memberikan suap Rp 40 miliar untuk vonis lepas perkara korupsi pengurusan izin ekspor crude palm oil (CPO) atau bahan minyak goreng. Jaksa mengatakan suap itu diberikan Marcella secara bersama-sama. Marcella didakwa memberikan suap Rp 40 miliar ke hakim bersama tiga terdakwa lain, yakni Ariyanto, Juanedi Saibih, serta M Syafei selaku perwakilan pihak korporasi Wilmar Group, Permata Hijau Group, dan Musim Mas Group. Jaksa juga mendakwa Marcella, Ariyanto, dan M Syafei melakukan tindak pidana pencucian uang (TPPU). Selain kasus suap, Junaedi juga diadili dalam kasus merintangi penyidikan. Dalam kasus tersebut, Junaedi Saibih dituntut 10 tahun penjara, denda Rp 600 juta subsider pidana kurungan selama 150 hari. Simak juga Video 'Terdakwa Ariyanto Akui Suap Hakim untuk Vonis Lepas Perkara Migor': [Gambas:Video 20detik]"
https://news.detik.com/berita/d-8391071/yaqut-yakin-lolos-status-tersangka-kasus-haji-kpk-pede-hakim-tolak-gugatan;Yaqut Yakin Lolos Status Tersangka Kasus Haji, KPK Pede Hakim Tolak Gugatan;Senin, 09 Mar 2026 11:35 WIB;"Sidang praperadilan mantanMenteri Agama (Menag) Yaqut Choli Qoumas (YCQ)terkait status tersangka dalam kasus korupsi kuota haji kembali digelar hari ini dengan agenda penyerahan kesimpulan. Yaqut mengungkapkan keyakinannya bisa lolos dari status tersangka setelah melihat adanya kesepahaman saksi dari kedua belah pihak tentang penetapan status tersangka terhadapnya. ""Saya mengikuti proses praperadilan ini, dari awal gitu ya, meskipun saya pertama hadir secara pribadi kemudian saya ikuti secara online berikutnya. Saya sangat bersyukur karena ada kesepahaman, tafahum, antara saksi ahli termohon maupun saksi ahli pemohon di beberapa hal,"" kata Yaqut usai sidang di Pengadilan Negeri Jakarta Selatan, Senin (9/3/2026). ""Terutama yang paling penting adalah bahwa para saksi, baik saksi dari pemohon dan termohon ini, memiliki kesepahaman bahwa penetapan tersangka itu harus melalui proses atau sudah ada kerugian negaranya terlebih dahulu gitu,"" lanjutnya. SCROLL TO CONTINUE WITH CONTENT Yaqut juga menyampaikan, atas dasar hal tersebut, pihaknya memiliki keyakinan hakim akan memberikan keputusan yang adil. Sidang putusan praperadilan Yaqut akan digelar pada Rabu (11/3) mendatang. ""Saya meyakini, dengan peradilan yang sangat objektif, yang saya yakini berjalan dengan adil ini, ya. Kebenaran akan menemukan jalannya, di mana pun dan kapan pun,"" tuturnya. Terpisah, Jubir KPK Budi Prasetyo menjelaskan pihaknya juga memiliki keyakinan bahwa hakim akan menguatkan penetapan tersangka yang disematkan kepada Yaqut. KPK yakin penetapan tersangka kepada Yaqut telah memiliki kecukupan alat bukti. ""Kami meyakini, hakim akan menerima dalil-dalil jawaban KPK melalui Biro Hukum dan menyatakan seluruh aspek formil dalam prosedur penyidikan, termasuk penetapan tersangka telah sesuai ketentuan perundangan dan kecukupan alat bukti yang sah,"" terang Budi. Budi menambahkan pihaknya yakin hakim akan menolak gugatan praperadilan yang diajukan oleh kubu Yaqut. ""Sehingga kami berkeyakinan dalam putusannya besok, hakim akan menolak permohonan dari pemohon, dan menyatakan penetapan tersangka saudara YCQ dalam perkara ini sah,"" imbuh dia. Seperti diketahui,KPKmenetapkan mantan Menteri Agama Yaqut Cholil Qoumas dan mantan staf khususnya, Ishfah Abidal Aziz (Gus Alex), sebagai tersangka korupsi pengelolaan tambahan kuota haji 2024. Keduanya diduga menyalahgunakan wewenang dengan membagi rata 20 ribu kuota tambahan. KPK menyatakan kerugian keuangan negara di kasus itu telah selesai dihitung oleh Badan Pemeriksa Keuangan (BPK). Dalam sidang praperadilan yang digelar pada Rabu (4/3), KPK menyebut kerugian negara di kasus kuota haji mencapai Rp 622 miliar. Tonton juga video ""Yaqut Sebut Kasus Korupsi Kuota Haji Sebagai Pelajaran Bagi Pemimpin"" [Gambas:Video 20detik]"
